symbol,name,reportDate,percentChanges,meanAbsolutePercentChange
EGHT,8X8 Inc,2024-11-04,"['-25.97%', '20.09%', '-11.61%', '36.24%', '-21.62%', '-3.42%', '27.35%', '21.11%']",20.93%
ACBM,ACBM,2024-11-04,['0.0%'],0.0%
ACRXF,ACRXF,2024-11-04,"['0.0%', '0.0%']",0.0%
ADXS,ADXS,2024-11-04,"['0.0%', '6.43%', '2.15%', '4.27%', '-1.72%', '3.46%', '-6.63%', '-1.6%']",3.28%
AGM-PD,AGM-PD,2024-11-04,['1.34%'],1.34%
AGM-PE,AGM-PE,2024-11-04,['1.69%'],1.69%
AGM-PF,AGM-PF,2024-11-04,['0.65%'],0.65%
AGM-PG,AGM-PG,2024-11-04,['2.01%'],2.01%
AGMJF,AGMJF,2024-11-04,['-3.29%'],3.29%
AHH-PA,AHH-PA,2024-11-04,['1.88%'],1.88%
AKTAF,AKTAF,2024-11-04,['0.7%'],0.7%
AMK,AMK,2024-11-04,"['0.06%', '0.03%', '1.4%', '3.72%', '2.34%', '-8.74%', '13.6%', '13.06%', '0.05%', '-7.01%', '-0.83%', '4.61%']",4.62%
ANG-PA,ANG-PA,2024-11-04,['0.36%'],0.36%
ANG-PB,ANG-PB,2024-11-04,['0.48%'],0.48%
ANIOY,ANIOY,2024-11-04,"['-7.66%', '1.78%']",4.72%
ORKA,ARCA biopharma Inc,2024-11-04,"['1.84%', '5.07%']",3.46%
ARTNB,ARTNB,2024-11-04,['-0.84%'],0.84%
ATIP,ATI Physical Therapy Inc - Class A,2024-11-04,"['-5.75%', '-7.0%', '-4.95%', '3.06%', '-3.54%', '-3.79%', '30.97%', '-40.0%']",12.38%
ATRWF,ATRWF,2024-11-04,['-2.43%'],2.43%
ABCL,AbCellera Biologics Inc,2024-11-04,"['-7.72%', '-4.95%', '-9.42%', '6.09%', '-13.34%', '-9.38%', '-1.12%', '-3.51%']",6.94%
ADUS,Addus HomeCare Corporation,2024-11-04,"['5.77%', '6.84%', '5.46%', '-5.16%', '1.5%', '-2.57%', '2.56%', '6.01%']",4.48%
AOSL,Alpha & Omega Semiconductor Ltd,2024-11-04,"['4.57%', '20.87%', '-10.64%', '-15.37%', '7.79%', '3.17%', '-12.76%', '4.31%']",9.94%
BCC,Boise Cascade Company,2024-11-04,"['4.37%', '-6.24%', '-7.92%', '-0.22%', '3.17%', '3.71%', '6.18%', '0.19%']",4.0%
BFAM,Bright Horizons Family Solutions Inc,2024-11-04,"['14.12%', '6.67%', '10.37%', '9.08%', '-0.45%', '10.46%', '10.72%', '1.04%']",7.86%
BCOV,Brightcove Inc,2024-11-04,"['0.94%', '2.12%', '-15.45%', '-8.1%', '-1.18%', '-12.78%', '-16.4%', '-6.77%']",7.97%
CGJTF,CGJTF,2024-11-04,['0.0%'],0.0%
CHMI-PA,CHMI-PA,2024-11-04,['-1.56%'],1.56%
CHMI-PB,CHMI-PB,2024-11-04,['-0.04%'],0.04%
CLOQ,CLOQ,2024-11-04,['-4.69%'],4.69%
CMVLF,CMVLF,2024-11-04,['0.0%'],0.0%
CRSP,CRISPR Therapeutics AG,2024-11-04,"['-0.66%', '0.49%', '4.67%', '13.57%', '9.74%', '13.33%']",7.08%
CBT,Cabot Corp,2024-11-04,"['16.38%', '5.35%', '7.86%', '8.31%', '-0.41%', '-3.47%', '1.86%', '-8.48%']",6.51%
CDNA,Caredx Inc,2024-11-04,"['17.96%', '34.09%', '9.47%', '13.9%', '-11.23%', '-2.68%', '14.34%', '-14.47%']",14.77%
CSTL,Castle Biosciences Inc,2024-11-04,"['13.96%', '6.52%', '-25.95%', '7.99%', '11.79%', '-3.93%', '-9.21%', '-2.02%']",10.17%
CTRM,Castor Maritime Inc,2024-11-04,['8.86%'],8.86%
CE,Celanese Corp - Series A,2024-11-04,"['-4.36%', '-1.13%', '0.68%', '-2.88%', '0.48%', '-1.54%', '2.56%', '-2.7%']",2.04%
CLLS,Cellectis,2024-11-04,"['-0.48%', '-2.16%', '0.0%', '-13.41%', '-5.13%', '1.06%', '-3.94%', '-4.1%', '10.9%', '3.93%']",4.51%
CENX,Century Aluminum Company,2024-11-04,"['-2.47%', '-7.72%', '-3.3%', '2.95%', '-8.57%', '-7.8%', '2.7%', '8.24%']",5.47%
CC,Chemours Company,2024-11-04,"['-11.88%', '-2.8%', '-9.07%', '-2.72%', '-3.64%', '4.01%', '2.54%', '0.59%']",4.66%
ECSNF,ECSNF,2024-11-04,['0.0%'],0.0%
ENDI,ENDI,2024-11-04,['0.0%'],0.0%
EQH-PA,EQH-PA,2024-11-04,['-0.59%'],0.59%
EQH-PC,EQH-PC,2024-11-04,['-2.27%'],2.27%
ESAIY,ESAIY,2024-11-04,['-2.61%'],2.61%
ELME,Elme Communities,2024-11-04,"['1.44%', '0.92%', '-3.09%', '-3.73%', '-4.74%', '-3.15%', '1.49%', '2.59%']",2.64%
ENTG,Entegris Inc,2024-11-04,"['-3.39%', '-7.23%', '5.71%', '-3.5%', '-0.78%', '19.61%', '0.24%', '-20.97%']",7.68%
EQH,Equitable Holdings Inc,2024-11-04,"['0.97%', '4.61%', '2.93%', '-5.12%', '0.39%', '-6.32%', '-2.87%', '-7.31%']",3.81%
EVEX,Eve Holding Inc,2024-11-04,"['1.11%', '1.27%', '5.03%', '-1.74%', '-0.71%', '0.77%', '5.75%', '0.94%']",2.17%
EVER,EverQuote Inc - Class A,2024-11-04,"['11.85%', '18.4%', '2.86%', '16.94%', '-15.22%', '2.41%', '-22.13%', '4.43%']",11.78%
FBRT-PE,FBRT-PE,2024-11-04,['0.56%'],0.56%
FPLSF,FPLSF,2024-11-04,['8.48%'],8.48%
FZMD,FZMD,2024-11-04,['0.0%'],0.0%
FN,Fabrinet,2024-11-04,"['15.74%', '10.85%', '-18.41%', '6.14%', '31.58%', '-0.9%', '-7.68%', '9.45%']",12.59%
AGM-A,Federal Agricultural Mortgage Corp - Class A,2024-11-04,['-5.45%'],5.45%
GLRE,Greenlight Capital Re Ltd - Class A,2024-11-04,"['-2.41%', '2.12%', '3.34%', '-1.93%', '6.27%', '-5.45%', '3.62%', '-9.09%']",4.28%
GYRE,Gyre Therapeutics Inc,2024-11-04,"['-0.64%', '-2.53%', '-2.69%', '-1.85%']",1.93%
HCKT,Hackett Group Inc (The),2024-11-04,"['1.98%', '-2.88%', '9.29%', '-8.27%', '2.15%', '-1.77%', '-12.85%', '5.96%']",5.64%
HSII,Heidrick & Struggles International Inc,2024-11-04,"['15.18%', '-2.94%', '18.96%', '7.38%', '3.12%', '-8.26%', '14.74%', '-4.65%']",9.4%
HTZ,Hertz Global Holdings Inc (New),2024-11-04,"['-7.6%', '-19.31%', '8.89%', '-10.67%', '-11.65%', '6.14%', '7.47%', '-0.64%']",9.05%
HPK,HighPeak Energy Inc,2024-11-04,"['-1.85%', '9.55%', '-9.67%', '-5.14%', '4.8%', '-8.01%', '-4.14%', '0.74%']",5.49%
HIMS,Hims & Hers Health Inc - Class A,2024-11-04,"['-5.38%', '6.01%', '31.02%', '10.99%', '-5.82%', '-10.13%', '16.79%', '19.7%']",13.23%
HOLX,Hologic Inc,2024-11-04,"['3.6%', '0.83%', '-2.65%', '7.34%', '-3.54%', '-4.22%', '2.01%', '9.34%']",4.19%
HMN,Horace Mann Educators Corp,2024-11-04,"['-1.47%', '-9.19%', '3.35%', '3.22%', '-4.14%', '4.88%', '-1.93%', '-2.42%']",3.83%
HHH,Howard Hughes Corporation,2024-11-04,"['5.52%', '0.72%', '-0.24%', '0.78%', '-7.41%']",2.93%
HDSN,Hudson Technologies Inc,2024-11-04,"['6.76%', '-7.14%', '-18.5%', '-2.84%', '26.54%', '0.92%', '-9.0%', '14.8%']",10.81%
ICDI,ICDI,2024-11-04,['-39.67%'],39.67%
IDGXF,IDGXF,2024-11-04,['0.0%'],0.0%
INN-PE,INN-PE,2024-11-04,['-0.62%'],0.62%
INN-PF,INN-PF,2024-11-04,['-0.66%'],0.66%
ICHR,Ichor Holdings Ltd,2024-11-04,"['3.31%', '-2.82%', '3.27%', '-11.14%', '-3.15%', '-6.53%', '4.12%', '0.35%']",4.34%
LIANY,LIANY,2024-11-04,['7.59%'],7.59%
LSEA,Landsea Homes Corporation - Class A,2024-11-04,"['3.37%', '-12.12%', '14.94%', '1.67%', '5.67%', '-3.58%', '0.89%', '2.13%']",5.55%
LSCC,Lattice Semiconductor Corp,2024-11-04,"['-9.44%', '-10.75%', '1.83%', '-17.36%', '2.24%', '2.5%', '7.94%', '8.39%']",7.56%
MNSEF,MNSEF,2024-11-04,['-33.33%'],33.33%
MQ,Marqeta Inc - Class A,2024-11-04,"['8.52%', '0.17%', '-10.91%', '18.69%', '11.69%', '-4.51%', '-22.41%', '14.9%']",11.48%
MAR,Marriott International Inc - Class A,2024-11-04,"['-4.8%', '-0.96%', '-5.59%', '-1.64%', '1.45%', '4.98%', '3.96%', '-4.26%']",3.46%
MTTR,Matterport Inc - Class A,2024-11-04,"['-1.94%', '-0.22%', '-16.93%', '25.94%', '-14.49%', '5.97%', '-9.03%', '24.42%']",12.37%
MED,Medifast Inc,2024-11-04,"['-2.83%', '-22.47%', '-17.47%', '-2.5%', '-6.94%', '-2.66%', '-2.42%', '4.12%']",7.68%
MIRM,Mirum Pharmaceuticals Inc,2024-11-04,"['2.34%', '3.15%', '-0.62%', '5.67%', '6.31%', '-5.82%', '-1.01%', '-16.37%']",5.16%
MYE,Myers Industries Inc,2024-11-04,"['4.3%', '-20.75%', '6.75%', '-2.62%', '-4.33%', '-2.23%', '-15.36%', '8.94%']",8.16%
MYND,Mynd.ai Inc,2024-11-04,['-3.49%'],3.49%
NETLF,NETLF,2024-11-04,['0.0%'],0.0%
NRBT,NRBT,2024-11-04,['0.0%'],0.0%
NSARO,NSARO,2024-11-04,['0.11%'],0.11%
NSARP,NSARP,2024-11-04,['0.0%'],0.0%
NSTG,NSTG,2024-11-04,"['1.81%', '8.86%', '-5.32%', '-5.02%', '-32.54%', '4.55%', '-7.1%', '4.28%', '-1.97%', '-2.67%', '-4.32%', '-0.28%']",6.56%
NTTDF,NTTDF,2024-11-04,['0.0%'],0.0%
NUMD,NUMD,2024-11-04,['-2.86%'],2.86%
NXPI,NXP Semiconductors NV,2024-11-04,"['-7.58%', '3.67%', '0.9%', '1.64%', '4.27%', '3.31%', '2.69%']",3.44%
NVTS,Navitas Semiconductor Corp,2024-11-04,"['5.25%', '-12.58%', '-7.82%', '10.02%', '4.65%', '20.33%', '6.24%', '10.0%']",9.61%
PLMR,Palomar Holdings Inc,2024-11-04,"['5.37%', '3.66%', '18.41%', '10.05%', '-3.73%', '-0.99%', '1.66%', '-24.53%']",8.55%
PARR,Par Pacific Holdings Inc,2024-11-04,"['1.73%', '-1.85%', '-8.86%', '0.34%', '7.48%', '-2.3%', '3.37%', '-0.99%']",3.36%
FNA,Paragon 28 Inc,2024-11-04,"['-20.1%', '-13.16%', '-5.77%', '-7.15%', '-6.76%', '-2.01%', '0.57%', '11.31%', '-2.16%', '-1.68%', '14.12%']",7.71%
PSTV,Plus Therapeutics Inc,2024-11-04,"['-1.41%', '-3.02%', '-11.01%', '5.74%', '-2.8%', '-16.13%', '-5.13%']",6.46%
PSTL,Postal Realty Trust Inc Cls A,2024-11-04,"['0.14%', '-0.22%', '2.1%', '-1.71%', '1.03%', '2.27%', '1.44%', '0.7%']",1.2%
PRIM,Primoris Services Corp,2024-11-04,"['6.02%', '5.0%', '-6.86%', '3.46%', '5.2%', '-0.12%', '5.93%']",4.66%
PTGX,Protagonist Therapeutics Inc,2024-11-04,"['1.17%', '5.12%', '2.84%', '8.05%', '3.28%', '5.13%', '-3.74%', '-0.39%']",3.71%
TARA,Protara Therapeutics Inc,2024-11-04,"['0.0%', '-1.37%', '2.24%', '11.57%', '1.2%', '-1.29%', '-1.85%', '-1.01%']",2.57%
PRTA,Prothena Corporation plc,2024-11-04,"['4.42%', '-4.47%', '-1.75%', '7.41%', '-7.3%', '12.02%', '7.11%', '-5.43%']",6.24%
PRPL,Purple Innovation Inc - Class A,2024-11-04,"['-8.47%', '-8.93%', '-18.63%', '-31.14%', '-13.19%', '19.2%', '-19.7%', '31.09%']",18.79%
RCFA,RCF Acquisition Corp - Class A,2024-11-04,['-0.09%'],0.09%
RCFA-UN,RCFA-UN,2024-11-04,['0.0%'],0.0%
RDGL,RDGL,2024-11-04,['-3.32%'],3.32%
REDLF,REDLF,2024-11-04,['0.0%'],0.0%
ROII,ROII,2024-11-04,['3.77%'],3.77%
METC,Ramaco Resources Inc - Class A,2024-11-04,"['13.03%', '-16.67%', '8.44%', '2.45%', '-12.18%', '12.03%', '-4.42%', '-9.86%']",9.88%
METCB,Ramaco Resources Inc - Class B,2024-11-04,['3.86%'],3.86%
SMLR,Semler Scientific Inc,2024-11-04,"['4.56%', '-25.29%', '-16.89%', '10.03%', '8.86%', '12.58%', '15.79%', '-34.86%']",16.11%
ST,Sensata Technologies Holding Plc,2024-11-04,"['0.71%', '7.13%', '-8.47%', '-6.51%', '-8.46%', '-7.79%', '10.83%', '-5.19%']",6.89%
SLAB,Silicon Laboratories Inc,2024-11-04,"['-0.7%', '-8.89%', '13.03%', '-5.44%', '-9.02%', '-9.06%', '14.08%', '-2.27%']",7.81%
SEI,Solaris Energy Infrastructure Inc - Class A,2024-11-04,['37.36%'],37.36%
STHO,Star Holdings,2024-11-04,['1.07%'],1.07%
STRT,Strattec Security Corp,2024-11-04,"['26.05%', '6.12%', '8.84%', '0.0%', '0.04%', '0.78%', '-12.82%', '-2.12%']",7.1%
INN,Summit Hotel Properties Inc,2024-11-04,"['2.92%', '1.81%', '-2.58%', '11.03%', '-4.61%', '0.76%', '-6.92%', '-4.32%']",4.37%
SUPN,Supernus Pharmaceuticals Inc,2024-11-04,"['14.49%', '-4.15%', '1.27%', '11.14%', '-7.23%', '1.49%', '4.42%', '-5.82%']",6.25%
TKKYY,TKKYY,2024-11-04,['0.0%'],0.0%
TRSNF,TRSNF,2024-11-04,['0.0%'],0.0%
TALO,Talos Energy Inc,2024-11-04,"['16.97%', '-4.34%', '1.46%', '-4.17%', '2.91%', '-15.5%', '1.19%', '-1.14%']",5.96%
BWIN,The Baldwin Insurance Group Inc - Class A,2024-11-04,"['2.41%', '12.06%']",7.24%
TDUP,ThredUp Inc - Class A,2024-11-04,"['-62.72%', '4.84%', '-16.53%', '-33.43%', '26.09%', '10.03%', '51.23%', '21.33%']",28.27%
TRS,Trimas Corporation,2024-11-04,"['-7.1%', '-2.84%', '-8.45%', '1.49%', '-2.29%', '-0.08%', '-2.54%', '-21.22%']",5.75%
TGI,Triumph Group Inc,2024-11-04,"['-15.31%', '-11.6%', '-17.03%', '12.01%', '-24.6%', '15.22%', '7.46%', '17.67%']",15.11%
TBI,TrueBlue Inc,2024-11-04,"['-24.37%', '-0.28%', '-11.18%', '-21.67%', '-18.43%', '-12.91%', '-10.0%', '-9.06%']",13.49%
UCPLF,UCPLF,2024-11-04,['0.0%'],0.0%
UNQL,UNQL,2024-11-04,['-9.26%'],9.26%
UNXP,UNXP,2024-11-04,['0.0%'],0.0%
VYGR,Voyager Therapeutics Inc,2024-11-04,"['-14.04%', '0.0%', '-7.25%', '5.08%', '3.44%', '29.48%', '-7.79%', '9.6%']",9.58%
WJXFF,WJXFF,2024-11-04,['0.0%'],0.0%
WOW,WideOpenWest Inc,2024-11-04,"['0.39%', '-4.13%', '-11.27%', '-56.89%', '-8.94%', '-19.35%', '6.8%', '-16.36%']",15.52%
WYNN,Wynn Resorts Ltd,2024-11-04,"['-1.89%', '-1.52%', '6.29%', '-5.69%', '2.63%', '-0.18%', '4.8%', '5.45%']",3.56%
YUMC,Yum China Holdings Inc,2024-11-04,"['11.98%', '-8.82%', '7.88%', '-15.22%', '-5.98%', '1.33%', '-0.63%', '7.57%']",7.43%
ZTS,Zoetis Inc - Class A,2024-11-04,"['5.99%', '5.51%', '-6.71%', '6.25%', '4.77%', '0.42%', '5.37%', '-11.01%']",5.75%
DDD,3D Systems Corp,2024-11-05,"['-8.15%', '2.78%', '-23.14%', '2.61%', '-8.42%', '-9.02%', '13.48%', '5.69%']",9.16%
ADLRF,ADLRF,2024-11-05,['0.0%'],0.0%
AGCO,AGCO Corp,2024-11-05,"['-5.7%', '-1.35%', '1.04%', '2.19%', '-3.13%', '2.66%', '-0.01%', '-5.89%']",2.75%
AGGZF,AGGZF,2024-11-05,['-8.95%'],8.95%
AGLY,AGLY,2024-11-05,['0.0%'],0.0%
AHEXY,AHEXY,2024-11-05,['0.31%'],0.31%
APO,Apollo Global Management Inc - Class A (New),2024-11-05,"['-7.45%', '3.99%', '1.43%', '8.02%', '5.66%', '0.7%', '-7.43%', '3.95%']",4.83%
ARCH,Arch Resources Inc - Class A,2024-11-05,"['-3.83%', '3.89%', '-3.97%', '0.21%', '1.57%', '1.86%', '9.66%', '14.2%']",4.9%
ADM,Archer Daniels Midland Company,2024-11-05,"['-1.26%', '-3.34%', '3.93%', '-4.05%', '3.54%', '-6.06%', '-0.78%', '2.08%']",3.13%
AACT,Ares Acquisition Corporation II - Class A,2024-11-05,['0.0%'],0.0%
AIP,Arteris Inc,2024-11-05,"['-1.58%', '38.45%', '-0.44%', '-27.48%', '3.6%', '17.54%', '-16.89%', '-7.6%']",14.2%
AIZ,Assurant Inc,2024-11-05,"['0.01%', '-1.14%', '3.82%', '11.81%', '5.72%', '9.28%', '-3.16%', '-2.73%']",4.71%
BGS,B&G Foods Inc,2024-11-05,"['-2.66%', '-28.31%', '21.28%', '0.69%', '8.06%', '-2.52%', '28.49%', '2.94%']",11.87%
BCTF,BCTF,2024-11-05,['-2.79%'],2.79%
BIRDF,BIRDF,2024-11-05,['3.22%'],3.22%
BOZTY,BOZTY,2024-11-05,['0.0%'],0.0%
BRLGF,BRLGF,2024-11-05,['0.0%'],0.0%
BYDGF,BYDGF,2024-11-05,['5.49%'],5.49%
BZTAF,BZTAF,2024-11-05,['0.0%'],0.0%
BCSF,Bain Capital Specialty Finance Inc,2024-11-05,"['-2.47%', '-1.49%', '0.0%', '-2.61%', '2.07%', '5.56%', '1.31%', '3.78%']",2.41%
BVS,Bioventus Inc - Class A,2024-11-05,"['29.23%', '28.0%', '5.46%', '0.42%', '14.12%', '9.17%', '-11.57%', '-57.51%']",19.43%
CTRRF,CTRRF,2024-11-05,['-2.39%'],2.39%
CXBMF,CXBMF,2024-11-05,['0.0%'],0.0%
CRC,California Resources Corporation - New,2024-11-05,"['5.59%', '-5.38%', '-4.22%', '0.4%', '-4.03%', '-0.02%', '7.8%', '5.29%']",4.09%
CVR,Chicago Rivet & Machine Company,2024-11-05,"['4.28%', '0.0%', '-2.33%']",2.2%
CIGI,Colliers International Group Inc,2024-11-05,"['4.18%', '-0.07%', '9.56%', '-6.76%', '8.44%', '-10.3%', '6.53%', '-3.67%']",6.19%
CEIX,Consol Energy Inc,2024-11-05,"['4.53%', '3.64%', '-5.32%', '-10.06%', '9.46%', '6.29%', '7.08%', '0.57%']",5.87%
CNSL,Consolidated Communications Holdings Inc,2024-11-05,"['-0.22%', '-1.84%', '-0.23%', '-1.19%', '6.56%', '0.52%', '-23.68%', '3.48%']",4.71%
LOGC,ContextLogic Inc - Class A,2024-11-05,"['-0.56%', '-2.26%']",1.41%
CRBP,Corbus Pharmaceuticals Holdings Inc,2024-11-05,"['-3.8%', '2.45%', '16.46%', '-16.67%', '-0.16%', '-12.44%', '-6.67%', '-1.54%']",7.52%
CMT,Core Molding Technologies,2024-11-05,"['2.47%', '-6.37%', '-0.72%', '-31.1%', '11.0%', '4.83%', '11.75%', '7.26%']",9.44%
CRVS,Corvus Pharmaceuticals Inc,2024-11-05,"['9.67%', '-12.04%', '-5.61%', '1.27%', '7.94%', '-0.38%', '11.42%', '-3.36%']",6.46%
CPNG,Coupang Inc - Class A,2024-11-05,"['2.61%', '-9.26%', '7.99%', '-9.9%', '7.88%', '-4.49%', '-5.42%', '22.59%']",8.77%
CRCT,Cricut Inc - Class A,2024-11-05,"['7.86%', '47.2%', '-3.31%', '-8.62%', '6.44%', '-10.15%', '2.33%', '11.47%']",12.17%
DEDVF,DEDVF,2024-11-05,['0.45%'],0.45%
DREUF,DREUF,2024-11-05,['0.42%'],0.42%
DNLI,Denali Therapeutics Inc,2024-11-05,"['-4.27%', '12.17%', '38.25%', '-4.95%', '-4.26%', '2.86%', '1.27%', '-7.54%']",9.45%
DVN,Devon Energy Corp,2024-11-05,"['2.83%', '-0.12%', '-0.65%', '-2.45%', '-7.34%', '-3.59%', '-10.49%', '-12.76%']",5.03%
DOMA,Doma Holdings Inc - New,2024-11-05,"['0.0%', '0.33%', '-15.17%', '6.57%', '-13.5%', '-3.85%', '-0.07%', '2.27%', '25.0%', '0.7%', '-29.97%', '15.49%']",9.41%
DD,DuPont de Nemours Inc,2024-11-05,"['4.09%', '8.01%', '7.4%']",6.5%
FCMGF,FCMGF,2024-11-05,['0.0%'],0.0%
FMCQF,FMCQF,2024-11-05,['0.0%'],0.0%
FORFF,FORFF,2024-11-05,['0.0%'],0.0%
FOVSY,FOVSY,2024-11-05,['0.0%'],0.0%
FPRUF,FPRUF,2024-11-05,['0.0%'],0.0%
FPRUY,FPRUY,2024-11-05,['0.0%'],0.0%
FORR,Forrester Research Inc,2024-11-05,"['4.07%', '-3.19%', '-7.35%', '-5.27%', '2.52%', '-13.65%', '-14.03%', '-12.91%']",7.87%
FYBR,Frontier Communications Parent Inc,2024-11-05,"['-7.86%', '6.75%', '2.31%', '-3.74%', '0.56%', '-8.38%', '-6.07%', '-0.99%']",4.58%
GEHDF,GEHDF,2024-11-05,['0.0%'],0.0%
GLNS,GLNS,2024-11-05,['0.0%'],0.0%
GLYYF,GLYYF,2024-11-05,['0.0%'],0.0%
IT,Gartner Inc,2024-11-05,"['5.93%', '-8.04%', '-1.72%', '14.55%', '-2.73%', '-1.82%', '3.51%', '7.64%']",5.74%
GGB,Gerdau S.A.,2024-11-05,"['-2.16%', '-1.04%', '1.62%', '-0.21%', '-4.22%', '1.66%', '4.02%', '3.77%']",2.34%
GMED,Globus Medical Inc - Class A,2024-11-05,"['2.14%', '20.19%', '1.55%', '-0.69%', '-1.87%', '3.29%', '0.51%', '-4.2%']",4.31%
GLDD,Great Lakes Dredge & Dock Corporation,2024-11-05,"['5.68%', '24.29%', '17.82%', '-13.6%', '12.5%', '-0.69%', '-8.47%', '3.17%']",10.78%
GO,Grocery Outlet Holding Corp,2024-11-05,"['5.88%', '-19.38%', '-1.21%', '-4.6%', '4.38%', '4.62%', '-2.26%', '-9.52%']",6.48%
GIFI,Gulf Island Fabrication Inc,2024-11-05,"['-10.6%', '-3.71%', '26.64%', '-6.51%', '1.43%', '0.28%', '-16.55%', '-1.2%']",8.37%
GPOR,Gulfport Energy Corp (New),2024-11-05,"['-0.83%', '-5.13%', '0.33%', '5.14%', '-0.95%', '8.36%', '14.96%', '-6.01%']",5.21%
HPURF,HPURF,2024-11-05,['-0.48%'],0.48%
HZNOF,HZNOF,2024-11-05,['0.0%'],0.0%
HAIN,Hain Celestial Group Inc,2024-11-05,"['18.59%', '-0.15%', '-15.87%', '2.07%', '-1.15%', '-12.44%', '0.28%', '3.42%']",6.75%
INZY,Inozyme Pharma Inc,2024-11-05,"['0.21%', '-5.74%', '-0.35%', '7.02%', '3.33%', '9.53%', '-2.3%', '3.7%']",4.02%
IFF,International Flavors & Fragrances Inc,2024-11-05,"['-2.35%', '6.4%', '-6.4%', '-1.04%', '-19.37%', '-7.03%', '-18.75%', '-4.96%']",8.29%
IGIC,International General Insurance Holdings Ltd,2024-11-05,"['-2.06%', '3.96%', '-3.1%', '7.5%', '4.98%', '5.47%', '0.36%', '0.26%', '0.52%']",3.13%
IVR,Invesco Mortgage Capital Inc,2024-11-05,"['0.91%', '1.2%', '0.0%', '-2.68%', '1.06%', '8.7%', '-0.15%', '1.69%']",2.05%
IRBT,Irobot Corp,2024-11-05,"['3.39%', '21.06%', '-2.89%', '-4.28%', '0.54%', '-6.37%', '-0.34%']",5.55%
JHIUF,JHIUF,2024-11-05,['0.0%'],0.0%
JUKIY,JUKIY,2024-11-05,['0.0%'],0.0%
JKHY,Jack Henry & Associates Inc,2024-11-05,"['-0.06%', '-0.04%', '3.22%', '4.54%', '-7.03%', '-1.24%', '-9.32%', '-4.65%']",3.76%
KRNNF,KRNNF,2024-11-05,['0.0%'],0.0%
KRNTY,KRNTY,2024-11-05,['0.0%'],0.0%
KPTI,Karyopharm Therapeutics Inc,2024-11-05,"['-3.56%', '-7.27%', '-12.78%', '-3.18%', '-0.56%', '-24.32%', '10.24%', '4.41%']",8.29%
KTCC,Key Tronic Corp,2024-11-05,"['16.02%', '6.54%', '4.13%', '3.6%', '0.52%', '-11.33%', '-14.83%', '19.57%']",9.57%
KFS,Kingsway Financial Services Inc,2024-11-05,"['-0.5%', '0.7%', '-7.65%', '1.0%', '0.63%', '-3.09%', '-10.7%', '-7.12%']",3.92%
KGC,Kinross Gold Corp,2024-11-05,"['0.99%', '4.87%', '2.81%', '3.25%', '3.06%', '4.32%', '0.0%', '3.93%', '4.33%', '-5.47%', '-0.85%']",3.08%
LIFZF,LIFZF,2024-11-05,['-2.78%'],2.78%
LMGHF,LMGHF,2024-11-05,"['0.0%', '0.0%']",0.0%
SWIM,Latham Group Inc,2024-11-05,"['41.48%', '23.75%', '-6.1%', '7.79%', '16.8%', '29.3%', '15.48%', '5.66%']",18.29%
LMB,Limbach Holdings Inc,2024-11-05,"['6.29%', '-1.47%', '-16.26%', '17.87%', '21.85%', '17.77%', '8.89%', '19.87%']",13.78%
LIND,Lindblad Expeditions Holdings Inc,2024-11-05,"['-1.44%', '0.55%', '-3.75%', '2.74%', '15.73%', '0.52%', '-20.04%', '12.15%']",7.11%
LQDA,Liquidia Corp,2024-11-05,"['-3.44%', '-1.48%', '5.36%', '3.66%', '3.14%', '3.83%', '15.25%', '0.4%']",4.57%
MEC,Mayville Engineering Company Inc,2024-11-05,"['10.51%', '10.13%', '6.93%', '-2.73%', '-8.55%', '-7.39%', '-4.99%', '11.71%']",7.87%
MLCO,Melco Resorts & Entertainment Ltd,2024-11-05,"['-4.08%', '-0.61%', '-6.42%', '-15.38%', '-3.3%', '-6.28%', '7.51%', '5.44%', '1.81%', '-3.28%', '-7.39%']",5.59%
MRCY,Mercury Systems Inc,2024-11-05,"['17.65%', '-1.17%', '-11.4%', '-12.59%', '6.89%', '-17.31%', '12.4%', '2.9%']",10.29%
MCHP,Microchip Technology Inc,2024-11-05,"['-10.6%', '-1.81%', '-1.59%', '3.85%', '-6.77%', '-1.12%', '0.96%', '7.4%']",4.26%
MPLN,MultiPlan Corp - Class A,2024-11-05,"['-20.0%', '-6.62%', '0.0%', '-6.49%', '-8.88%', '-13.41%', '1.0%', '-17.01%']",9.18%
NBIAY,NBIAY,2024-11-05,['0.0%'],0.0%
NDOI,NDOI,2024-11-05,['-0.08%'],0.08%
NODK,NI Holdings Inc,2024-11-05,['-3.6%'],3.6%
NOEJF,NOEJF,2024-11-05,['0.0%'],0.0%
NCMI,National Cinemedia Inc,2024-11-05,"['19.13%', '-4.55%', '19.91%', '11.83%', '-8.11%', '0.0%', '-2.27%', '27.91%']",11.71%
NHI,National Health Investors Inc,2024-11-05,"['0.43%', '2.18%', '6.61%', '2.18%', '-6.38%', '8.2%', '-6.73%', '0.33%']",4.13%
NRP,Natural Resource Partners LP,2024-11-05,"['3.74%', '0.7%', '-0.95%', '-3.12%', '7.09%', '2.27%', '3.83%', '0.44%']",2.77%
NKTR,Nektar Therapeutics,2024-11-05,"['-8.26%', '10.0%', '-2.22%', '-9.09%', '-9.0%', '-2.6%', '9.42%', '5.9%']",7.06%
NEO,Neogenomics Inc,2024-11-05,"['17.96%', '-8.54%', '12.11%', '14.2%', '-3.04%', '18.51%', '24.57%', '25.35%']",15.54%
NEWP,New Pacific Metals Corp - New,2024-11-05,"['4.07%', '-1.47%', '-1.83%', '-1.81%', '-0.81%', '5.2%']",2.53%
NMRK,Newmark Group Inc - Class A,2024-11-05,"['-5.26%', '0.1%', '4.62%', '14.81%', '-0.29%', '-1.02%', '-4.27%', '-14.67%']",5.63%
PHXHF,PHXHF,2024-11-05,['0.57%'],0.57%
PROP,PROP,2024-11-05,"['14.83%', '-2.32%', '-2.33%']",6.49%
PSAHF,PSAHF,2024-11-05,['0.0%'],0.0%
PTRRY,PTRRY,2024-11-05,['-3.76%'],3.76%
PSBD,Palmer Square Capital BDC Inc,2024-11-05,"['0.25%', '-0.48%', '2.12%']",0.95%
PALT,Paltalk Inc,2024-11-05,"['3.85%', '1.57%', '-14.32%', '2.38%', '-3.35%', '7.08%', '3.57%', '0.69%']",4.6%
PAAS,Pan American Silver Corp,2024-11-05,"['-4.47%', '10.74%', '-2.32%', '-9.14%', '3.86%', '-3.93%', '-3.11%', '6.96%']",5.57%
PAX,Patria Investments Ltd - Class A,2024-11-05,"['-7.84%', '-5.08%', '3.7%', '1.11%', '2.92%', '-4.93%', '8.78%', '-1.05%']",4.43%
PAYS,PaySign Inc,2024-11-05,"['-8.63%', '-2.14%', '18.34%', '13.53%', '7.57%', '-2.68%', '4.83%', '-13.47%']",8.9%
PAYO,Payoneer Global Inc,2024-11-05,"['23.24%', '12.64%', '-19.6%', '-2.1%', '11.44%', '-8.99%', '13.79%', '-15.42%']",13.4%
PETQ,PetIQ Inc - Class A,2024-11-05,"['47.89%', '5.89%', '-0.6%', '-3.1%', '8.1%', '16.12%', '9.23%', '36.36%']",15.91%
PXLW,Pixelworks Inc,2024-11-05,"['4.94%', '-35.29%', '-1.78%', '-7.81%', '2.53%', '11.03%', '-9.79%', '4.29%']",9.68%
AGS,PlayAGS Inc,2024-11-05,"['-0.26%', '26.56%', '-1.3%', '-14.39%', '16.25%', '-7.61%', '3.15%', '-21.33%']",11.36%
PINC,Premier Inc - Class A,2024-11-05,"['1.05%', '-6.32%', '2.77%', '0.77%', '-3.34%', '-19.31%', '1.6%', '-8.92%']",5.51%
QLYS,Qualys Inc,2024-11-05,"['-8.58%', '-9.78%', '-4.24%', '11.31%', '4.05%', '7.72%', '-0.56%', '-16.02%']",7.78%
RADLY,RADLY,2024-11-05,['4.27%'],4.27%
RVRF,RVRF,2024-11-05,['0.0%'],0.0%
RYAM,Rayonier Advanced Materials Inc,2024-11-05,"['30.12%', '1.75%', '-21.2%', '1.64%', '-23.06%', '-16.61%', '22.02%', '34.23%']",18.83%
SPG,Simon Property Group Inc,2024-11-05,"['-0.84%', '5.06%', '2.43%', '4.82%', '4.33%', '-4.59%', '-3.98%', '-2.13%']",3.52%
TSLX,Sixth Street Specialty Lending Inc,2024-11-05,"['-0.14%', '-4.09%', '0.0%', '1.97%', '4.29%', '-0.27%', '2.91%', '-0.55%']",1.78%
SLNO,Soleno Therapeutics Inc,2024-11-05,"['2.55%', '-5.56%', '-3.09%', '-0.48%', '-1.36%', '-6.25%', '-2.8%', '7.39%']",3.69%
MSC,Studio City International Holdings Ltd,2024-11-05,"['0.96%', '-4.0%', '0.15%', '1.52%', '-1.41%', '3.56%', '11.43%', '4.83%', '7.26%', '-2.47%', '-4.37%']",3.81%
STKL,Sunopta Inc,2024-11-05,"['13.04%', '3.72%', '16.97%', '9.64%', '-23.3%', '-4.93%', '8.22%', '-16.0%']",11.98%
SMCI,Super Micro Computer Inc,2024-11-05,"['-20.14%', '-14.03%', '3.49%', '-2.53%', '-23.39%', '28.27%', '10.24%', '12.5%']",14.32%
SNDX,Syndax Pharmaceuticals Inc,2024-11-05,"['-4.36%', '-3.45%', '-2.17%', '0.14%', '-2.9%', '6.55%', '-1.93%', '0.45%']",2.74%
TCNNF,TCNNF,2024-11-05,"['12.49%', '2.75%', '-1.22%', '1.63%', '-0.59%', '-2.96%', '-4.13%', '-2.53%']",3.54%
THNCF,THNCF,2024-11-05,['0.0%'],0.0%
TTHYF,TTHYF,2024-11-05,['0.0%'],0.0%
TRGP,Targa Resources Corp,2024-11-05,"['0.61%', '0.52%', '5.58%', '7.25%', '0.79%', '-2.86%', '3.1%', '4.01%']",3.09%
BLD,TopBuild Corp,2024-11-05,"['-7.12%', '-5.02%', '-5.23%', '4.27%', '4.14%', '-4.96%', '3.64%', '-7.62%']",5.25%
TMCI,Treace Medical Concepts Inc,2024-11-05,"['-2.4%', '-62.5%', '-5.98%', '-37.9%', '-14.36%', '-3.7%', '21.11%', '5.04%']",19.12%
TFPM,Triple Flag Precious Metals Corp,2024-11-05,"['3.75%', '-2.5%', '-0.48%', '0.76%']",1.87%
USPH,U.S. Physical Therapy Inc,2024-11-05,"['-9.29%', '-1.58%', '6.41%', '-2.92%', '-9.18%', '1.98%', '0.78%', '-2.58%']",4.34%
WHLRP,Wheeler Real Estate Investment Trust Inc,2024-11-05,['-18.04%'],18.04%
XOMA,XOMA Corp,2024-11-05,"['14.4%', '-2.11%', '-1.63%', '-6.44%', '-1.82%', '0.27%', '5.76%', '-3.92%']",4.54%
XOMAO,XOMA Corp,2024-11-05,['0.2%'],0.2%
XOMAP,XOMA Corp,2024-11-05,['0.1%'],0.1%
XNCR,Xencor Inc,2024-11-05,"['0.39%', '-4.5%', '-14.06%', '-7.01%', '3.55%', '-1.87%', '-3.07%', '8.75%']",5.4%
YOKEF,YOKEF,2024-11-05,['-13.14%'],13.14%
YUM,Yum Brands Inc,2024-11-05,"['2.65%', '-4.19%', '1.86%', '0.36%', '-1.0%', '-3.91%', '1.61%', '-0.66%']",2.03%
ZLDSF,ZLDSF,2024-11-05,"['0.0%', '0.0%']",0.0%
PLUS,ePlus Inc,2024-11-05,"['6.11%', '-0.04%', '-13.0%', '-8.69%', '15.2%', '5.29%', '9.15%', '5.55%']",7.88%
ETNB,89bio Inc,2024-11-06,"['-5.36%', '-4.39%', '10.03%', '-4.86%', '3.34%', '3.16%', '-5.96%', '17.96%']",6.88%
AMRK,A-Mark Precious Metals Inc,2024-11-06,"['9.13%', '-5.43%', '-3.43%', '-6.79%', '10.93%', '3.97%', '-11.59%', '13.25%']",8.06%
ABSSF,ABSSF,2024-11-06,['-3.13%'],3.13%
AETUF,AETUF,2024-11-06,['0.0%'],0.0%
AHODF,AHODF,2024-11-06,['5.75%'],5.75%
AHOTF,AHOTF,2024-11-06,['2.35%'],2.35%
AKAAF,AKAAF,2024-11-06,['0.0%'],0.0%
ALB-PA,ALB-PA,2024-11-06,['0.18%'],0.18%
ALTG-PA,ALTG-PA,2024-11-06,['-2.32%'],2.32%
ALVOF,ALVOF,2024-11-06,['3.54%'],3.54%
AMGXF,AMGXF,2024-11-06,['0.0%'],0.0%
AMVMF,AMVMF,2024-11-06,['10.51%'],10.51%
APA,APA Corporation,2024-11-06,"['-0.35%', '-4.33%', '-3.88%', '0.2%', '6.79%', '-5.59%', '3.33%', '6.89%']",3.92%
ARKAF,ARKAF,2024-11-06,['3.06%'],3.06%
ATROB,ATROB,2024-11-06,['0.0%'],0.0%
AVD,American Vanguard Corp,2024-11-06,"['-37.48%', '-27.69%', '21.81%', '2.32%', '-16.36%', '-13.04%', '4.58%', '-3.92%']",15.9%
AMPY,Amplify Energy Corp,2024-11-06,"['15.54%', '-7.54%', '2.62%', '-6.08%', '-4.61%', '8.36%', '-17.3%', '-2.42%']",8.06%
ANSS,Ansys Inc,2024-11-06,"['-1.21%', '-2.16%', '3.56%', '-2.12%', '-6.12%', '-1.63%', '10.48%', '1.25%']",3.57%
APP,Applovin Corp - Class A,2024-11-06,"['14.2%', '14.45%', '24.81%', '-1.1%', '26.49%', '23.53%', '27.05%', '18.49%']",18.77%
ABUS,Arbutus Biopharma Corp,2024-11-06,"['1.06%', '-0.37%', '-2.78%', '-1.6%', '-0.96%', '1.59%', '0.0%', '-0.81%']",1.15%
ARQT,Arcutis Biotherapeutics Inc,2024-11-06,"['-11.27%', '13.65%', '9.7%', '9.91%', '-4.48%', '-18.83%', '3.15%', '-0.43%']",8.93%
ARMN,Aris Mining Corp,2024-11-06,['-4.72%'],4.72%
ARQ,Arq Inc,2024-11-06,"['4.61%', '-5.24%', '46.69%']",18.85%
ASH,Ashland Inc,2024-11-06,"['-9.57%', '-0.87%', '15.91%', '-4.85%', '-1.12%', '-9.74%', '-0.8%', '5.3%']",6.02%
ASPN,Aspen Aerogels Inc,2024-11-06,"['16.0%', '56.7%', '15.56%', '11.28%', '0.54%', '18.4%', '11.13%', '3.74%']",16.67%
AC,Associated Capital Group Inc - Class A,2024-11-06,['0.55%'],0.55%
ASTE,Astec Industries Inc,2024-11-06,"['-0.32%', '-19.21%', '6.47%', '-22.2%', '4.12%', '5.07%', '4.66%', '-6.32%']",8.55%
ATRO,Astronics Corp,2024-11-06,"['-7.7%', '6.68%', '-1.74%', '-13.41%', '-19.45%', '5.03%', '-6.37%', '-14.38%']",9.34%
ATLCP,Atlanticus Holdings Corp,2024-11-06,['0.03%'],0.03%
ATO,Atmos Energy Corp,2024-11-06,"['-0.9%', '-0.75%', '0.11%', '1.85%', '-2.58%', '4.47%', '-0.38%', '8.39%']",2.43%
AUDC,Audiocodes,2024-11-06,"['4.35%', '-12.83%', '14.22%', '29.76%', '15.74%', '-1.6%', '-8.3%', '-8.69%']",11.94%
AVDL,Avadel Pharmaceuticals plc,2024-11-06,"['-2.24%', '-10.62%', '7.36%', '11.95%', '-4.89%', '4.98%', '-4.16%', '-7.88%']",6.76%
BBDC,Barings BDC Inc,2024-11-06,"['5.5%', '-1.36%', '4.9%', '-4.79%', '4.8%', '-0.68%', '-0.23%', '0.66%']",2.87%
BBSI,Barrett Business Services Inc,2024-11-06,"['0.6%', '-2.4%', '5.7%', '5.61%', '1.67%', '-4.91%', '-6.22%', '6.56%']",4.21%
BYND,Beyond Meat Inc,2024-11-06,"['24.62%', '-14.37%', '30.72%', '2.57%', '-14.27%', '-18.27%', '10.15%', '20.14%']",16.89%
BCDA,BioCardia Inc,2024-11-06,"['4.35%', '0.0%', '-2.38%', '-6.82%', '0.0%', '0.5%', '-4.61%', '-3.12%']",2.72%
BNGO,Bionano Genomics Inc,2024-11-06,"['-11.9%', '-6.98%', '6.52%', '1.68%', '-2.21%', '-3.37%', '5.41%', '-4.0%']",5.26%
BKH,Black Hills Corporation,2024-11-06,"['0.41%', '2.16%', '3.28%', '3.03%', '-2.5%', '2.22%', '-9.28%', '-2.43%']",3.16%
TCPC,BlackRock TCP Capital Corp,2024-11-06,"['-8.84%', '3.37%', '-3.94%', '5.07%', '2.07%', '1.73%', '-10.04%', '6.78%']",5.23%
OBDC,Blue Owl Capital Corp,2024-11-06,"['-0.68%', '-0.92%', '1.27%', '1.8%', '0.0%']",0.93%
BORR,Borr Drilling Ltd,2024-11-06,"['0.93%', '-3.32%', '0.47%', '-1.28%', '-3.52%', '0.14%', '4.69%', '-0.2%']",1.82%
BHR,Braemar Hotels & Resorts Inc,2024-11-06,"['-2.94%', '-7.89%', '5.9%', '-6.14%', '-22.76%', '-6.61%', '1.77%', '3.46%']",7.18%
BCO,Brink`s Company,2024-11-06,"['-6.55%', '2.17%', '4.24%', '6.41%', '-5.28%', '4.72%', '12.57%', '-6.63%']",6.07%
BKD,Brookdale Senior Living Inc,2024-11-06,"['-6.97%', '-4.89%', '-10.71%', '7.04%', '21.11%', '-1.0%', '10.6%', '-0.46%']",7.85%
BKDT,Brookdale Senior Living Inc,2024-11-06,['-4.38%'],4.38%
BMBL,Bumble Inc - Class A,2024-11-06,"['-29.16%', '11.49%', '-14.8%', '2.91%', '-7.67%', '-0.68%', '7.5%', '10.03%']",10.53%
CBDY,CBDY,2024-11-06,['-10.0%'],10.0%
CCNTF,CCNTF,2024-11-06,['0.0%'],0.0%
CCOJF,CCOJF,2024-11-06,['0.0%'],0.0%
CDNIF,CDNIF,2024-11-06,['0.0%'],0.0%
CFWFF,CFWFF,2024-11-06,['-0.32%'],0.32%
CHSCL,CHS Inc,2024-11-06,['0.27%'],0.27%
CURLF,CURLF,2024-11-06,"['5.93%', '0.0%', '-3.9%', '7.89%', '1.64%', '5.88%', '0.92%', '3.18%']",3.67%
CVS,CVS Health Corp,2024-11-06,"['-3.21%', '-16.84%', '3.1%', '-0.41%', '3.33%', '-3.68%', '3.47%', '2.3%']",4.54%
CYFL,CYFL,2024-11-06,"['0.09%', '0.0%']",0.04%
CDLX,Cardlytics Inc,2024-11-06,"['-57.1%', '-36.51%', '77.15%', '-54.45%', '19.79%', '-27.26%', '-8.65%']",40.13%
CPRX,Catalyst Pharmaceuticals Inc,2024-11-06,"['12.75%', '6.32%', '10.1%', '-1.75%', '6.37%', '-19.19%', '9.83%', '6.34%']",9.08%
CLBT,Cellebrite DI Ltd,2024-11-06,"['7.32%', '2.33%', '10.95%', '5.57%', '8.96%', '-3.3%', '13.9%', '-1.22%']",6.69%
CELH,Celsius Holdings Inc,2024-11-06,"['-2.35%', '-1.76%', '20.44%', '-1.55%', '20.45%', '19.76%', '6.34%', '13.43%']",10.76%
CERT,Certara Inc,2024-11-06,"['-13.59%', '-7.42%', '8.41%', '1.36%', '-7.65%', '-10.72%', '17.3%', '7.11%']",9.2%
CRL,Charles River Laboratories International Inc,2024-11-06,"['-12.6%', '-2.21%', '11.3%', '-3.74%', '4.64%', '5.07%', '-10.06%', '4.08%']",6.71%
CIM,Chimera Investment Corp,2024-11-06,"['7.03%', '11.08%', '-6.43%', '-1.84%', '-8.55%', '-3.06%', '-3.39%', '-8.92%']",6.29%
CHRD,Chord Energy Corp - New,2024-11-06,"['-1.58%', '0.86%', '-3.04%', '5.12%', '1.34%', '-1.13%', '3.93%', '2.83%']",2.48%
ELPC,Cia Paranaense De Energia Copel ADR (Representing ),2024-11-06,['-3.73%'],3.73%
CLVT,Clarivate Plc,2024-11-06,"['-12.2%', '-11.37%', '-17.45%', '2.96%', '-22.27%', '3.57%', '12.73%', '-3.02%']",10.7%
CLNE,Clean Energy Fuels Corp,2024-11-06,"['22.73%', '3.32%', '-3.95%', '-4.53%', '-6.68%', '3.0%', '-13.21%', '1.46%']",7.36%
CLOV,Clover Health Investments Corp - Class A,2024-11-06,"['-2.66%', '17.7%', '4.95%', '-18.14%', '4.51%', '-1.29%', '14.78%']",9.15%
CDE,Coeur Mining Inc,2024-11-06,"['5.08%', '4.59%', '3.1%', '-4.78%', '-9.2%', '-2.55%', '-3.53%', '-3.02%']",4.48%
COHR,Coherent Corp,2024-11-06,"['7.51%', '-4.52%', '17.36%', '0.0%', '-29.87%', '-4.98%', '-2.73%', '7.55%']",9.32%
CHRS,Coherus Biosciences Inc,2024-11-06,"['10.85%', '-10.38%', '-5.65%', '-30.23%', '17.74%', '-27.4%', '7.83%', '-12.27%']",15.29%
CNDT,Conduent Inc,2024-11-06,"['-13.73%', '10.79%', '2.06%', '-18.5%', '7.87%', '-12.54%', '-1.4%', '-4.25%']",8.89%
CORZ,Core Scientific Inc - New,2024-11-06,"['3.26%', '12.07%', '-6.21%']",7.18%
DNDPF,DNDPF,2024-11-06,['0.0%'],0.0%
DPZUF,DPZUF,2024-11-06,['0.0%'],0.0%
DRTTF,DRTTF,2024-11-06,"['5.34%', '-6.27%', '6.26%', '-10.9%']",7.19%
DLX,Deluxe Corp,2024-11-06,"['-10.34%', '8.45%', '7.93%', '8.77%', '6.82%', '-2.68%', '4.79%', '4.14%']",6.74%
APPS,Digital Turbine Inc,2024-11-06,"['61.8%', '-16.96%', '-24.4%', '-5.29%', '-8.29%', '-42.97%', '-23.94%', '60.91%']",30.57%
DIN,Dine Brands Global Inc,2024-11-06,"['-4.61%', '-0.05%', '0.71%', '-9.92%', '-1.96%', '2.11%', '-5.79%', '0.78%']",3.24%
DV,DoubleVerify Holdings Inc,2024-11-06,"['-2.13%', '-38.57%', '-21.28%', '5.63%', '-14.73%', '6.6%', '4.81%', '5.42%']",12.4%
BROS,Dutch Bros Inc - Class A,2024-11-06,"['-19.84%', '11.79%', '1.33%', '0.9%', '17.86%', '-11.96%', '-10.42%', '22.37%']",12.06%
EDRVF,EDRVF,2024-11-06,['0.0%'],0.0%
EFC-PA,EFC-PA,2024-11-06,['1.35%'],1.35%
EFC-PB,EFC-PB,2024-11-06,['0.07%'],0.07%
EFC-PC,EFC-PC,2024-11-06,['1.97%'],1.97%
EFC-PD,EFC-PD,2024-11-06,['-0.46%'],0.46%
EFC-PE,EFC-PE,2024-11-06,['1.3%'],1.3%
ELCMF,ELCMF,2024-11-06,['0.0%'],0.0%
ELTTF,ELTTF,2024-11-06,['0.0%'],0.0%
EREUF,EREUF,2024-11-06,['0.0%'],0.0%
ET-PI,ET-PI,2024-11-06,['0.0%'],0.0%
EVA,EVA,2024-11-06,"['0.0%', '-3.26%', '-77.86%', '1.71%', '-67.17%', '-13.43%', '0.44%', '-1.47%', '-9.76%', '0.04%']",17.51%
FECCF,FECCF,2024-11-06,['12.97%'],12.97%
FMMFF,FMMFF,2024-11-06,['0.0%'],0.0%
FRPH,FRP Holdings Inc,2024-11-06,"['4.85%', '0.66%', '-0.56%', '4.34%', '-0.67%', '1.45%', '-1.47%', '-0.88%']",1.86%
FSK,FS KKR Capital Corp,2024-11-06,"['-0.62%', '2.42%', '-5.85%', '0.51%', '-0.2%', '8.14%', '0.61%', '-3.96%']",2.79%
FSNUY,FSNUY,2024-11-06,['4.03%'],4.03%
FTCI,FTC Solar Inc,2024-11-06,"['-33.42%', '-15.27%', '-6.32%', '-64.45%', '-33.53%', '4.53%', '8.87%', '12.95%']",22.42%
FICO,Fair Isaac Corp,2024-11-06,"['-1.32%', '-6.94%', '-6.85%', '2.37%', '4.01%', '-0.92%', '2.2%', '31.1%']",6.96%
FFIE,Faraday Future Intelligent Electric Inc - Class A,2024-11-06,"['-24.4%', '-7.06%', '-62.05%', '-5.37%', '-9.76%', '25.26%', '2.72%', '-2.35%']",17.37%
FARO,Faro Technologies Inc,2024-11-06,"['5.27%', '-2.86%', '1.31%', '15.86%', '21.3%', '-43.51%', '0.1%', '7.1%']",12.16%
FSLY,Fastly Inc - Class A,2024-11-06,"['-14.33%', '-32.02%', '-30.59%', '15.58%', '23.04%', '-4.65%', '15.79%', '11.14%']",18.39%
FATE,Fate Therapeutics Inc,2024-11-06,"['-2.1%', '4.62%', '7.34%', '-8.58%', '-3.68%', '-2.37%', '-0.49%', '2.01%']",3.9%
GSM,Ferroglobe Plc,2024-11-06,"['2.35%', '7.35%', '-6.33%', '5.38%', '6.42%', '0.71%', '17.52%', '-17.86%']",7.99%
FNF,Fidelity National Financial Inc,2024-11-06,"['1.18%', '0.92%', '-5.4%', '3.41%', '2.82%', '-4.75%', '-5.72%', '-2.49%']",3.34%
FOA,Finance of America Companies Inc - Class A,2024-11-06,"['-0.97%', '0.0%', '-1.61%', '-28.22%', '-11.68%', '6.25%', '-0.69%']",7.06%
FRGE,Forge Global Holdings Inc - Class A,2024-11-06,"['3.82%', '-7.73%', '-21.51%', '-0.43%', '2.81%', '6.67%', '-0.56%', '5.41%']",6.12%
FSM,Fortuna Silver Mines Inc,2024-11-06,"['-0.48%', '-0.48%', '-2.63%', '1.66%', '1.73%', '-11.28%', '2.57%', '-5.57%']",3.3%
FBIN,Fortune Brands Innovations Inc,2024-11-06,"['9.1%', '-2.72%', '-3.96%', '1.23%', '-4.55%', '5.92%', '-0.22%', '1.02%']",3.59%
FNV,Franco-Nevada Corporation,2024-11-06,"['-6.42%', '-0.76%', '-2.68%', '-0.22%', '1.29%', '-0.15%', '0.94%']",1.78%
GOVX,Geovax Labs Inc,2024-11-06,"['-1.11%', '1.18%', '-0.78%', '-1.64%', '-0.72%', '-3.54%', '4.55%', '-0.39%']",1.74%
GILD,Gilead Sciences Inc,2024-11-06,"['-2.55%', '0.23%', '-4.25%', '-3.36%', '4.17%', '-1.6%', '3.82%', '12.92%']",4.11%
LAND,Gladstone Land Corp,2024-11-06,"['-1.29%', '1.3%', '-3.17%', '-4.96%', '-0.53%', '-2.79%', '1.17%', '1.66%']",2.11%
LANDM,Gladstone Land Corp,2024-11-06,['-0.29%'],0.29%
LANDO,Gladstone Land Corp,2024-11-06,['0.64%'],0.64%
LANDP,Gladstone Land Corp,2024-11-06,['0.12%'],0.12%
GMRE,Global Medical REIT Inc,2024-11-06,"['-3.67%', '3.54%', '-6.51%', '-0.54%', '5.18%', '-3.09%', '-2.29%', '3.21%']",3.5%
GNL,Global Net Lease Inc,2024-11-06,"['-2.29%', '0.42%', '-2.45%', '-1.54%', '0.48%', '-1.36%', '3.08%', '3.32%']",1.87%
GWRS,Global Water Resources Inc,2024-11-06,"['2.09%', '0.55%', '-5.07%', '4.84%', '-1.93%', '0.18%', '-1.66%', '5.28%']",2.7%
LOPE,Grand Canyon Education Inc,2024-11-06,"['-3.5%', '5.22%', '1.81%', '12.54%', '5.66%', '-2.03%', '3.01%', '14.86%']",6.08%
GPMT,Granite Point Mortgage Trust Inc,2024-11-06,"['-4.46%', '-12.56%', '-6.9%', '-0.85%', '-2.62%', '3.41%', '-1.63%']",4.63%
GEG,Great Elm Group Inc,2024-11-06,"['0.0%', '2.76%', '4.86%', '2.15%', '-2.75%', '5.21%', '1.95%', '3.5%']",2.9%
GHI,Greystone Housing Impact Investors LP,2024-11-06,"['-3.14%', '-3.02%', '-1.28%', '-0.72%', '0.25%', '-0.97%', '-2.72%', '-1.42%']",1.69%
GH,Guardant Health Inc,2024-11-06,"['-10.87%', '15.07%', '-12.8%', '-5.41%', '6.42%', '14.92%', '11.68%', '4.93%']",10.26%
GHLD,Guild Holdings Co - Class A,2024-11-06,"['5.53%', '4.09%', '0.0%', '3.91%', '5.53%', '1.63%', '-3.74%', '6.13%']",3.82%
HAGHY,HAGHY,2024-11-06,"['0.0%', '0.0%']",0.0%
HELKF,HELKF,2024-11-06,"['0.0%', '0.0%']",0.0%
HENKY,HENKY,2024-11-06,"['1.73%', '2.59%']",2.16%
HENOF,HENOF,2024-11-06,"['0.0%', '0.0%']",0.0%
HL-PB,HL-PB,2024-11-06,['3.87%'],3.87%
HLKHF,HLKHF,2024-11-06,['0.0%'],0.0%
HLLGY,HLLGY,2024-11-06,['0.0%'],0.0%
HYPMY,HYPMY,2024-11-06,['-1.97%'],1.97%
HG,Hamilton Insurance Group Ltd - Class B,2024-11-06,"['7.69%', '6.47%', '-0.48%', '-4.0%', '1.67%']",4.06%
HLNE,Hamilton Lane Inc - Class A,2024-11-06,"['-1.22%', '2.2%', '-5.68%', '-2.04%', '-0.25%', '-1.11%', '-1.46%', '3.08%']",2.13%
HCAT,Health Catalyst Inc,2024-11-06,"['37.77%', '-3.9%', '-8.15%', '1.18%', '-3.78%', '-17.49%', '2.58%', '23.34%']",12.27%
VATE,Innovate Corp,2024-11-06,"['-5.36%', '-4.47%', '4.2%', '-8.47%', '0.31%', '6.67%', '-5.35%', '12.44%']",5.91%
IIPR,Innovative Industrial Properties Inc,2024-11-06,"['1.27%', '-2.68%', '6.21%', '6.98%', '1.59%', '3.12%', '7.14%', '8.04%']",4.63%
IDN,Intellicheck Inc,2024-11-06,"['-28.37%', '1.69%', '74.86%', '-14.5%', '-3.02%', '-2.99%', '12.2%', '-13.88%']",18.94%
IONQ,IonQ Inc,2024-11-06,"['4.56%', '4.78%', '-7.99%', '-1.58%', '10.71%', '-9.54%', '21.06%', '-5.68%']",8.24%
IONS,Ionis Pharmaceuticals Inc,2024-11-06,"['3.76%', '-3.19%', '-1.85%', '-3.38%', '1.11%', '-2.22%', '-3.74%', '1.92%']",2.65%
IRM,Iron Mountain Inc,2024-11-06,"['6.81%', '-1.41%', '5.21%', '-0.52%', '-2.99%', '0.85%', '4.23%', '1.34%']",2.92%
JAIRF,JAIRF,2024-11-06,['0.0%'],0.0%
JQTMF,JQTMF,2024-11-06,['0.0%'],0.0%
JSLGY,JSLGY,2024-11-06,['0.0%'],0.0%
JWSM,Jaws Mustang Acquisition Corporation - Class A,2024-11-06,['-0.09%'],0.09%
JAZZ,Jazz Pharmaceuticals plc,2024-11-06,"['3.75%', '-0.92%', '-8.33%', '-9.14%', '1.64%', '0.41%', '2.73%', '7.07%', '-0.32%', '-2.67%']",3.7%
JOBY,Joby Aviation Inc,2024-11-06,"['5.91%', '-8.94%', '-10.05%', '13.06%', '-0.6%', '3.9%', '10.72%', '-2.21%']",6.92%
KAOCF,KAOCF,2024-11-06,['13.58%'],13.58%
KMBIF,KMBIF,2024-11-06,['0.0%'],0.0%
KMMPF,KMMPF,2024-11-06,['0.0%'],0.0%
KSIOF,KSIOF,2024-11-06,['2.63%'],2.63%
KURRF,KURRF,2024-11-06,['0.0%'],0.0%
KURRY,KURRY,2024-11-06,['0.0%'],0.0%
KLTR,Kaltura Inc,2024-11-06,"['6.09%', '-3.91%', '0.69%', '2.84%', '7.58%', '5.68%', '-1.99%', '10.18%']",4.87%
LILA,Liberty Latin America Ltd - Class A,2024-11-06,"['-8.95%', '4.87%', '-7.57%', '12.52%', '16.55%', '-0.6%', '4.19%', '-10.86%']",8.26%
LILAK,Liberty Latin America Ltd - Class C,2024-11-06,"['-9.25%', '5.01%', '-7.2%', '13.22%', '16.51%', '-0.24%', '3.6%', '-11.04%']",8.26%
LEV,Lion Electric Co (The),2024-11-06,"['-15.89%', '-6.92%', '-12.57%', '4.57%', '-2.49%', '-7.92%', '-3.21%', '13.25%']",8.35%
LPCN,Lipocine Inc,2024-11-06,"['-12.9%', '8.04%', '1.4%', '-1.19%', '-1.57%', '7.14%', '-26.67%', '-5.88%']",8.1%
RAMP,LiveRamp Holdings Inc,2024-11-06,"['-18.91%', '6.0%', '-7.41%', '20.0%', '18.28%', '-11.73%', '-9.25%', '17.09%']",13.58%
LYFT,Lyft Inc Cls A,2024-11-06,"['-17.23%', '7.11%', '35.12%', '-5.97%', '-10.03%', '-19.27%', '-36.44%', '-22.91%']",19.26%
MFA-PB,MFA-PB,2024-11-06,['1.93%'],1.93%
MFA-PC,MFA-PC,2024-11-06,['1.39%'],1.39%
MKKOF,MKKOF,2024-11-06,['0.0%'],0.0%
MKSI,MKS Instruments Inc,2024-11-06,"['6.23%', '3.44%', '5.62%', '0.55%', '-1.14%', '1.93%', '5.15%', '-13.49%']",4.69%
MNDJF,MNDJF,2024-11-06,['8.19%'],8.19%
MNHVF,MNHVF,2024-11-06,['0.0%'],0.0%
MODVF,MODVF,2024-11-06,['0.0%'],0.0%
MPVDF,MPVDF,2024-11-06,"['0.0%', '0.0%', '-5.88%', '2.94%', '9.09%', '-5.26%', '-7.69%', '2.08%']",4.12%
MRETF,MRETF,2024-11-06,['1.46%'],1.46%
MRMD,MRMD,2024-11-06,"['3.55%', '-5.17%', '-2.08%', '-0.31%', '-4.44%', '4.21%', '1.14%', '-0.78%']",2.71%
MRVCF,MRVCF,2024-11-06,['0.0%'],0.0%
MRVSY,MRVSY,2024-11-06,['15.56%'],15.56%
MAC,Macerich Company,2024-11-06,"['-4.3%', '-14.05%', '2.11%', '-0.41%', '0.23%', '-3.02%', '-3.2%', '1.49%']",3.6%
NEWH,NEWH,2024-11-06,['-9.52%'],9.52%
NFPDF,NFPDF,2024-11-06,['0.0%'],0.0%
NFYEF,NFYEF,2024-11-06,['8.26%'],8.26%
NHNKF,NHNKF,2024-11-06,['0.0%'],0.0%
NMIH,NMI Holdings Inc - Class A,2024-11-06,"['0.38%', '2.56%', '-1.68%', '1.49%', '5.27%', '1.67%', '0.8%', '1.53%']",1.92%
NNXPF,NNXPF,2024-11-06,['-0.17%'],0.17%
NSHBY,NSHBY,2024-11-06,['0.0%'],0.0%
NSOMF,NSOMF,2024-11-06,['0.0%'],0.0%
NFG,National Fuel Gas Company,2024-11-06,"['1.02%', '3.44%', '6.48%', '2.71%', '1.85%', '0.27%', '2.93%', '-2.28%']",2.62%
EYE,National Vision Holdings Inc,2024-11-06,"['-21.7%', '-16.62%', '15.78%', '2.97%', '-22.01%', '4.53%', '-39.08%', '10.16%']",16.61%
NFE,New Fortress Energy Inc - Class A,2024-11-06,"['-23.62%', '1.42%', '11.02%', '16.61%', '-3.99%', '7.85%', '-14.84%', '-6.25%']",10.7%
NEWT,NewtekOne Inc,2024-11-06,"['0.8%', '11.28%', '4.58%', '-7.23%', '3.04%', '1.02%', '-20.55%', '1.05%']",6.19%
KIND,Nextdoor Holdings Inc - Class A,2024-11-06,"['8.37%', '8.37%', '2.45%', '-17.03%', '-15.17%', '17.56%', '-5.83%', '-11.21%']",10.75%
NDLS,Noodles & Company - Class A,2024-11-06,"['-4.79%', '24.28%', '-8.57%', '12.73%', '-3.02%', '-19.34%', '-9.24%', '-3.61%']",10.7%
NSYS,Nortech Systems Inc,2024-11-06,"['-4.87%', '-1.69%', '-5.88%', '-25.0%', '0.0%', '1.37%', '0.0%', '-4.65%']",5.43%
NTR,Nutrien Ltd,2024-11-06,"['-2.23%', '4.94%', '7.36%', '2.27%', '-4.2%', '-2.56%', '1.13%', '-14.06%']",4.84%
OCANF,OCANF,2024-11-06,"['-5.0%', '-3.72%', '2.05%', '0.0%', '-1.05%', '2.65%', '-2.34%', '-6.79%']",2.95%
POGHF,POGHF,2024-11-06,['-0.87%'],0.87%
PPENF,PPENF,2024-11-06,['0.0%'],0.0%
PPRQF,PPRQF,2024-11-06,['0.0%'],0.0%
PSEC-PA,PSEC-PA,2024-11-06,['1.53%'],1.53%
PTC,PTC Inc,2024-11-06,"['-1.11%', '-2.49%', '-0.69%', '5.35%', '0.76%', '-1.49%', '-4.2%', '-1.94%']",2.25%
PTOAF,PTOAF,2024-11-06,['0.0%'],0.0%
PTRUF,PTRUF,2024-11-06,['0.0%'],0.0%
PUMSY,PUMSY,2024-11-06,['-11.61%'],11.61%
PYNKF,PYNKF,2024-11-06,['-3.45%'],3.45%
PYRGF,PYRGF,2024-11-06,['-6.14%'],6.14%
PCRX,Pacira BioSciences Inc,2024-11-06,"['5.68%', '11.84%', '-0.64%', '3.11%', '1.97%', '-7.17%', '3.93%', '-2.73%']",4.63%
PANL,Pangaea Logistics Solutions Ltd,2024-11-06,"['-1.22%', '-2.71%', '-15.56%', '7.63%', '-11.69%', '1.49%', '-5.12%', '-5.04%']",6.31%
PKOH,Park-Ohio Holdings Corp,2024-11-06,"['5.61%', '3.95%', '-6.92%', '21.3%', '-1.27%', '13.34%', '-3.8%', '3.63%']",7.48%
PYCR,Paycor HCM Inc,2024-11-06,"['9.5%', '-15.66%', '4.54%', '4.43%', '-4.2%', '-7.42%', '5.46%', '-2.29%', '-1.71%', '-7.44%', '4.15%']",6.07%
PNTG,Pennant Group Inc,2024-11-06,"['-1.85%', '-3.06%', '10.49%', '8.05%', '-2.14%', '-6.94%', '10.8%', '-13.14%']",7.06%
PFGC,Performance Food Group Company,2024-11-06,"['7.71%', '-0.16%', '-1.06%', '-0.83%', '9.1%', '-3.32%', '-3.07%', '5.19%']",3.81%
PFMT,Performant Financial Corp,2024-11-06,"['11.28%', '8.8%', '-4.93%', '17.26%', '-0.75%', '-12.97%', '-7.26%', '-2.52%']",8.22%
PERI,Perion Network Ltd,2024-11-06,"['3.06%', '-0.47%', '-20.12%', '6.34%', '-1.49%', '-3.06%', '7.57%', '3.33%']",5.68%
PR,Permian Resources Corp - Class A,2024-11-06,"['1.17%', '-1.6%', '2.04%', '-3.3%', '0.26%', '-6.97%', '15.39%', '-9.82%']",5.07%
PSNL,Personalis Inc,2024-11-06,"['19.1%', '5.43%', '6.16%', '21.5%', '0.51%', '-4.96%', '-7.23%', '0.0%']",8.11%
PAHC,Phibro Animal Health Corp - Class A,2024-11-06,"['3.17%', '3.03%', '7.4%', '-18.52%', '-5.93%', '-8.27%', '0.0%', '-3.05%']",6.17%
RYN,Rayonier Inc,2024-11-06,"['-4.08%', '-1.24%', '6.83%', '13.55%', '0.93%', '-3.3%', '1.0%', '-1.03%']",4.0%
RRGB,Red Robin Gourmet Burgers Inc,2024-11-06,"['-8.25%', '14.86%', '-13.02%', '16.27%', '-1.01%', '1.31%', '27.14%', '-12.97%']",11.85%
RDVT,Red Violet Inc,2024-11-06,['14.8%'],14.8%
RGNX,Regenxbio Inc,2024-11-06,"['-2.03%', '-5.94%', '-0.6%', '2.44%', '-7.51%', '-1.58%', '8.49%', '-13.16%']",5.22%
RM,Regional Management Corp,2024-11-06,"['-5.54%', '8.03%', '-1.24%', '-10.48%', '1.96%', '3.54%', '-6.36%', '-14.58%']",6.47%
RLAY,Relay Therapeutics Inc,2024-11-06,"['-7.93%', '-0.56%', '-5.39%', '1.62%', '0.09%', '0.45%', '-2.12%', '-2.15%']",2.54%
RLMD,Relmada Therapeutics Inc,2024-11-06,"['-29.01%', '-0.78%', '-17.41%', '-0.33%', '7.09%', '-6.31%', '-2.16%', '8.73%']",8.98%
RVMD,Revolution Medicines Inc,2024-11-06,"['-0.69%', '-2.24%', '0.79%', '-0.23%', '-1.82%', '3.07%', '9.81%', '-0.61%']",2.41%
REPX,Riley Exploration Permian Inc,2024-11-06,"['3.6%', '6.17%', '14.91%', '-15.57%', '-9.63%', '-15.88%', '-0.65%', '1.46%']",8.48%
REI,Ring Energy Inc,2024-11-06,"['-2.34%', '-9.14%', '7.59%', '-2.84%', '-6.64%', '4.73%', '-1.51%', '8.97%']",5.47%
RGLD,Royal Gold Inc,2024-11-06,"['-0.4%', '1.59%', '1.56%', '1.85%', '-0.5%', '4.25%', '-0.37%', '-4.89%', '0.96%', '-0.47%']",1.68%
RPRX,Royalty Pharma plc - Class A,2024-11-06,"['-4.04%', '-0.07%', '2.49%', '0.25%', '-0.88%', '-4.31%', '-0.82%', '0.76%']",1.7%
SCEYF,SCEYF,2024-11-06,['0.0%'],0.0%
SCTBF,SCTBF,2024-11-06,['0.14%'],0.14%
SCTBY,SCTBY,2024-11-06,['0.0%'],0.0%
SHASF,SHASF,2024-11-06,['0.0%'],0.0%
SKBSY,SKBSY,2024-11-06,['-0.25%'],0.25%
SYKWF,SYKWF,2024-11-06,['0.0%'],0.0%
SANA,Sana Biotechnology Inc,2024-11-06,"['5.36%', '-20.97%', '12.25%', '-1.05%', '-0.92%', '10.29%', '7.36%', '-13.94%']",9.02%
SRPT,Sarepta Therapeutics Inc,2024-11-06,"['-2.61%', '-0.21%', '-6.98%', '1.62%', '2.05%', '1.41%', '19.24%', '-7.41%']",5.19%
SNDR,Schneider National Inc - Class B,2024-11-06,"['4.27%', '2.09%', '-2.81%', '-12.62%', '2.11%', '1.13%', '10.84%', '-1.0%']",4.61%
SMG,Scotts Miracle-Gro Company - Class A,2024-11-06,"['11.9%', '-0.44%', '3.68%', '18.54%', '-19.01%', '-7.86%', '11.54%']",10.42%
SEER,Seer Inc - Class A,2024-11-06,"['-0.58%', '-7.62%', '0.0%', '-5.23%', '-33.69%', '-4.4%', '29.45%', '5.6%']",10.82%
SRE,Sempra,2024-11-06,"['-2.1%', '1.76%', '0.21%', '0.37%', '-2.42%', '0.57%', '-3.18%', '1.38%']",1.5%
SVC,Service Properties Trust,2024-11-06,"['-6.76%', '-6.27%', '-10.99%', '-2.6%', '4.45%', '-5.49%', '-1.64%', '-1.06%']",4.91%
SITM,SiTime Corp,2024-11-06,"['10.58%', '28.29%', '-4.2%', '11.96%', '8.68%', '-20.69%', '6.22%', '-8.18%']",12.35%
SILK,Silk Road Medical Inc,2024-11-06,"['0.18%', '3.7%', '1.7%', '-10.96%', '-3.67%', '-13.89%', '-9.76%', '6.62%', '4.43%', '-12.22%', '12.67%', '-11.48%']",7.61%
SBXC,SilverBox Corp III - Class A,2024-11-06,['0.09%'],0.09%
SBGI,Sinclair Inc - Class A,2024-11-06,"['2.77%', '22.44%', '0.41%', '34.31%', '-3.78%', '-9.01%', '-5.96%', '-2.87%']",10.19%
STR,Sitio Royalties Corp - Class A,2024-11-06,"['-1.55%', '2.42%', '3.87%', '-3.18%', '-4.04%', '-0.23%', '1.88%', '-2.17%']",2.42%
FUN,Six Flags Entertainment Corp,2024-11-06,"['3.14%', '6.49%', '1.09%', '-1.36%', '9.31%', '-1.44%', '4.09%', '-4.38%', '-0.64%', '1.31%']",3.33%
SMRT,SmartRent Inc - Class A,2024-11-06,"['-5.45%', '-19.58%', '-6.1%', '-4.5%', '13.9%', '-4.74%', '20.74%', '-6.2%']",10.15%
SMSI,Smith Micro Software Inc,2024-11-06,"['-20.16%', '-4.49%', '-40.24%', '-29.25%', '13.6%', '-7.2%', '-10.45%', '4.35%']",16.22%
SEDG,Solaredge Technologies Inc,2024-11-06,"['-3.05%', '-8.48%', '-12.18%', '-3.96%', '-18.36%', '6.6%', '1.52%', '19.13%']",9.16%
SLDB,Solid Biosciences Inc,2024-11-06,"['14.54%', '-2.71%', '7.28%', '-23.66%', '-2.47%', '3.87%', '-0.26%', '2.2%']",7.12%
TETAB,TETAB,2024-11-06,['0.0%'],0.0%
TEVJF,TEVJF,2024-11-06,['13.93%'],13.93%
THFRF,THFRF,2024-11-06,['0.0%'],0.0%
TKCBY,TKCBY,2024-11-06,['0.0%'],0.0%
TKO,TKO Group Holdings Inc - Class A,2024-11-06,"['6.78%', '-0.36%', '-0.07%', '-3.9%', '-1.24%']",2.47%
TMVWF,TMVWF,2024-11-06,"['0.0%', '0.0%']",0.0%
TMVWY,TMVWY,2024-11-06,"['13.49%', '0.05%']",6.77%
TNRSF,TNRSF,2024-11-06,['-7.82%'],7.82%
TOIPF,TOIPF,2024-11-06,['0.0%'],0.0%
TOIPY,TOIPY,2024-11-06,['0.0%'],0.0%
TORXF,TORXF,2024-11-06,['3.01%'],3.01%
TOTZF,TOTZF,2024-11-06,['0.0%'],0.0%
TSHMF,TSHMF,2024-11-06,['0.0%'],0.0%
TSNDF,TSNDF,2024-11-06,"['-2.22%', '-1.76%', '6.21%', '7.5%', '2.11%']",3.96%
TTEC,TTEC Holdings Inc,2024-11-06,"['-12.93%', '-13.44%', '-20.52%', '-29.41%', '-1.98%', '5.75%', '-15.9%', '12.76%']",14.09%
TUFBY,TUFBY,2024-11-06,['0.0%'],0.0%
TTWO,Take-Two Interactive Software Inc,2024-11-06,"['4.35%', '1.2%', '-8.66%', '1.99%', '-0.53%', '11.69%', '7.85%', '-13.68%']",6.24%
TLPH,Talphera Inc,2024-11-06,"['1.16%', '19.61%', '-10.24%']",10.34%
TNDM,Tandem Diabetes Care Inc,2024-11-06,"['18.35%', '22.32%', '10.86%', '-14.37%', '4.44%', '-6.11%', '-4.69%', '-28.38%']",13.69%
SKT,Tanger Factory Outlet Centers Inc,2024-11-06,"['-2.64%', '-3.25%', '3.39%', '4.45%', '2.71%', '6.92%', '4.17%', '5.02%']",4.07%
TH,Target Hospitality Corp - Class A,2024-11-06,"['12.12%', '3.78%', '1.52%', '15.98%', '13.94%', '16.16%', '5.71%', '10.76%']",10.0%
TTGT,Techtarget Inc,2024-11-06,"['-7.58%', '4.81%', '0.48%', '9.74%', '6.77%', '-7.23%', '-15.26%', '-10.04%']",7.74%
TPST,Tempest Therapeutics Inc,2024-11-06,"['-14.18%', '-6.34%', '0.53%', '16.31%', '1.64%', '2.91%', '6.54%', '-12.09%']",7.57%
USIO,Usio Inc,2024-11-06,"['4.11%', '3.14%', '-2.86%', '-3.31%', '16.03%', '8.12%', '-8.37%', '-4.88%']",6.35%
VAPO,VAPO,2024-11-06,"['0.47%', '-9.09%', '7.6%', '-3.27%', '4.59%', '-14.11%', '-10.72%', '-40.28%', '-31.64%', '-6.86%', '11.85%', '0.3%']",11.73%
VZIO,VIZIO Holding Corp - Class A,2024-11-06,"['0.46%', '-1.62%', '0.27%', '26.52%', '-11.95%', '-7.52%', '-5.76%', '22.8%']",9.61%
VNJA,VNJA,2024-11-06,['4.76%'],4.76%
VNNVF,VNNVF,2024-11-06,"['0.0%', '3.38%']",1.69%
VSSPY,VSSPY,2024-11-06,['0.0%'],0.0%
VLN,Valens Semiconductor Ltd,2024-11-06,"['6.12%', '0.0%', '0.42%', '7.91%', '0.4%', '2.0%', '-2.82%', '-0.77%']",2.56%
VNDA,Vanda Pharmaceuticals Inc,2024-11-06,"['-3.42%', '-6.53%', '11.81%', '-21.94%', '-8.05%', '7.51%', '0.84%', '-1.75%']",7.73%
VECO,Veeco Instruments Inc,2024-11-06,"['-6.26%', '4.8%', '0.48%', '8.57%', '6.85%', '5.25%', '6.21%', '1.78%']",5.03%
VCYT,Veracyte Inc,2024-11-06,"['23.97%', '-4.33%', '-8.87%', '-3.58%', '7.04%', '4.58%', '0.13%', '24.26%']",9.59%
VSTM,Verastem Inc,2024-11-06,"['4.91%', '-0.59%', '4.76%', '-5.66%', '-0.3%', '0.0%', '0.0%', '-2.5%']",2.34%
VRME,VerifyMe Inc,2024-11-06,"['7.62%', '-0.59%', '-0.38%', '3.03%', '-5.74%', '-20.26%', '3.85%', '-6.92%']",6.05%
VERX,Vertex Inc Class A,2024-11-06,"['-4.29%', '-0.76%', '32.2%', '21.03%', '10.24%', '-0.81%', '23.72%', '-3.59%']",12.08%
VSAT,Viasat Inc,2024-11-06,"['37.82%', '-16.45%', '-18.17%', '6.93%', '6.1%', '6.75%', '-14.06%', '-19.3%']",15.7%
VMD,Viemed Healthcare Inc,2024-11-06,"['9.95%', '-6.81%', '6.5%', '12.03%', '-3.72%', '-1.5%', '-14.2%', '10.16%']",8.11%
SPCE,Virgin Galactic Holdings Inc - Class A,2024-11-06,"['14.04%', '-1.49%', '-7.89%', '19.23%', '-4.35%', '1.96%', '-17.6%', '7.42%']",9.25%
VSH,Vishay Intertechnology Inc,2024-11-06,"['-7.55%', '-1.74%', '-1.81%', '-2.83%', '0.86%', '16.78%', '-12.2%', '-6.45%']",6.28%
VTLE,Vital Energy Inc,2024-11-06,"['3.02%', '-3.18%', '1.37%', '2.55%', '3.61%', '-2.1%', '0.95%', '3.22%']",2.5%
VOXR,Vox Royalty Corp,2024-11-06,"['-0.72%', '-1.96%', '0.51%', '0.0%']",0.8%
EHTH,eHealth Inc,2024-11-06,"['-17.99%', '11.32%', '-7.65%', '-0.8%', '-1.33%', '8.53%', '-16.46%', '18.87%']",10.37%
SCPH,scPharmaceuticals Inc,2024-11-06,"['5.64%', '1.56%', '-2.57%', '-8.74%', '1.29%', '-1.41%', '25.14%', '12.27%']",7.33%
BCOW,1895 Bancorp of Wisconsin Inc,2024-11-07,['0.0%'],0.0%
FDMT,4D Molecular Therapeutics Inc,2024-11-07,"['0.48%', '0.23%', '4.82%', '5.24%', '-2.29%', '-4.25%', '5.7%', '6.41%']",3.68%
AAON,AAON Inc,2024-11-07,"['-1.3%', '-13.74%', '-3.36%', '1.96%', '-5.89%', '7.25%', '11.62%', '14.04%']",7.39%
ABCP,ABCP,2024-11-07,['0.0%'],0.0%
ABDBY,ABDBY,2024-11-07,['0.0%'],0.0%
ACCMF,ACCMF,2024-11-07,['-19.38%'],19.38%
ACIW,ACI Worldwide Inc,2024-11-07,"['5.83%', '3.02%', '6.26%', '13.78%', '5.26%', '-2.72%', '-0.19%', '-18.6%']",6.96%
ACMR,ACM Research Inc - Class A,2024-11-07,"['0.33%', '16.3%', '-6.48%', '40.8%', '5.33%', '4.76%', '17.91%', '-0.6%']",11.56%
ACMT,ACMT,2024-11-07,['0.0%'],0.0%
ACVA,ACV Auctions Inc - Class A,2024-11-07,"['21.71%', '0.87%', '17.21%', '-0.42%', '2.9%', '20.42%', '16.76%', '24.77%']",13.13%
ADCOF,ADCOF,2024-11-07,['0.2%'],0.2%
AGQPF,AGQPF,2024-11-07,['0.0%'],0.0%
AIFS,AIFS,2024-11-07,['49.1%'],49.1%
AILIH,AILIH,2024-11-07,['-0.06%'],0.06%
AILIM,AILIM,2024-11-07,['0.0%'],0.0%
AILIN,AILIN,2024-11-07,['0.0%'],0.0%
AILIO,AILIO,2024-11-07,['0.0%'],0.0%
AILIP,AILIP,2024-11-07,['0.0%'],0.0%
ASGTF,ASGTF,2024-11-07,['0.0%'],0.0%
ATUSF,ATUSF,2024-11-07,['1.52%'],1.52%
AUKUD,AUKUD,2024-11-07,['0.0%'],0.0%
AVEXF,AVEXF,2024-11-07,['0.0%'],0.0%
AVHHL,AVHHL,2024-11-07,['0.0%'],0.0%
RCEL,AVITA Medical Inc,2024-11-07,"['20.68%', '4.43%', '0.53%', '14.27%', '0.99%', '-22.96%', '36.53%', '14.38%']",14.35%
GOLF,Acushnet Holdings Corp,2024-11-07,"['-0.09%', '3.61%', '-6.85%', '9.45%', '-1.27%', '4.91%', '9.08%', '-2.15%']",4.68%
ADPT,Adaptive Biotechnologies Corp,2024-11-07,"['-3.37%', '2.25%', '0.51%', '-18.18%', '-12.44%', '-14.27%', '15.55%', '14.27%']",10.1%
ADEA,Adeia Inc,2024-11-07,"['6.84%', '10.41%', '0.0%', '4.94%', '-14.08%', '10.61%', '2.31%', '-8.42%']",7.2%
ADMA,Adma Biologics Inc,2024-11-07,"['30.93%', '27.13%', '-0.37%', '5.8%', '6.16%', '10.92%', '6.75%', '27.53%']",14.45%
ADV,Advantage Solutions Inc - Class A,2024-11-07,"['4.29%', '-12.21%', '0.79%', '-13.5%', '-8.49%', '15.38%', '17.04%', '-20.0%']",11.46%
ADVM,Adverum Biotechnologies Inc,2024-11-07,"['4.16%', '-3.23%', '-6.78%', '2.97%']",4.29%
AMTX,Aemetis Inc,2024-11-07,"['-17.13%', '-0.72%', '-1.81%', '0.66%', '10.65%', '-19.35%', '-14.84%', '1.6%']",8.34%
ASLE,AerSale Corp,2024-11-07,"['-6.29%', '9.27%', '-25.9%', '-12.74%', '-25.14%', '-6.02%', '-13.31%', '-9.74%']",13.55%
AFRM,Affirm Holdings Inc - Class A,2024-11-07,"['31.92%', '10.23%', '-10.89%', '14.25%', '28.82%', '-0.41%', '-17.04%']",16.22%
AGL,Agilon Health Inc,2024-11-07,"['-9.32%', '4.22%', '-1.85%', '-13.2%', '2.15%', '-3.92%', '16.03%', '-10.31%']",7.62%
MT,ArcelorMittal,2024-11-07,"['-6.3%', '-1.74%', '3.99%', '4.52%', '-2.82%', '-2.67%', '2.57%', '0.41%']",3.13%
ACHR,Archer Aviation Inc - Class A,2024-11-07,"['-8.77%', '-3.18%', '-5.8%', '-5.51%', '-1.03%', '-15.61%', '8.48%', '-3.15%']",6.44%
ARCT,Arcturus Therapeutics Holdings Inc,2024-11-07,"['0.2%', '-1.54%', '-0.89%', '16.08%', '-19.22%', '1.59%', '30.13%']",9.95%
ACRE,Ares Commercial Real Estate Corp,2024-11-07,"['-3.02%', '-1.6%', '-6.59%', '3.0%', '-0.58%', '-7.74%', '1.6%', '-3.37%']",3.44%
ARHS,Arhaus Inc Class A,2024-11-07,"['-12.57%', '17.25%', '12.09%', '-2.32%', '8.71%', '2.42%', '-20.0%', '-2.08%']",9.68%
ANET,Arista Networks Inc,2024-11-07,"['11.28%', '6.45%', '-5.47%', '14.03%', '19.68%', '-15.72%', '4.01%', '5.67%']",10.29%
ARLO,Arlo Technologies Inc,2024-11-07,"['-15.56%', '-17.88%', '13.64%', '-7.01%', '6.35%', '27.23%', '50.14%', '-29.91%']",20.96%
ARRY,Array Technologies Inc,2024-11-07,"['-21.02%', '2.0%', '3.37%', '-17.62%', '24.05%', '-2.97%', '4.81%', '13.49%']",11.17%
AORT,Artivion Inc,2024-11-07,"['-1.89%', '12.81%', '4.27%', '9.88%', '-1.61%', '13.78%', '5.76%', '-1.93%']",6.49%
AVIR,Atea Pharmaceuticals Inc,2024-11-07,"['7.03%', '-6.31%', '-1.37%', '-9.12%', '3.81%', '-2.65%', '-8.19%', '-9.88%']",6.04%
ATHA,Athira Pharma Inc,2024-11-07,"['-1.23%', '22.62%', '0.0%', '6.47%', '-7.26%', '0.0%', '2.08%', '8.39%']",6.01%
ATYR,Atyr Pharma Inc,2024-11-07,['6.32%'],6.32%
AEYE,AudioEye Inc,2024-11-07,"['38.24%', '7.05%', '17.32%', '5.66%', '-14.05%', '-4.58%', '-1.51%', '-2.18%']",11.32%
AUPH,Aurinia Pharmaceuticals Inc,2024-11-07,"['-4.59%', '-0.58%', '-24.47%', '10.52%', '4.24%', '-2.99%', '9.12%', '-31.93%']",11.05%
AWX,Avalon Holdings Corp - Class A,2024-11-07,['5.68%'],5.68%
AVPT,AvePoint Inc - Class A,2024-11-07,"['-1.08%', '0.62%', '0.13%', '10.53%', '3.99%', '11.69%', '-14.63%', '17.68%']",7.54%
AVAH,Aveanna Healthcare Holdings Inc,2024-11-07,"['32.22%', '2.48%', '-3.0%', '2.01%', '3.41%', '3.81%', '-6.71%', '-9.06%']",7.84%
AVGR,Avinger Inc,2024-11-07,"['1.25%', '-3.12%', '-11.52%', '-2.13%', '-16.82%', '-5.77%', '1.16%', '5.32%']",5.89%
TECX,AvroBio Inc,2024-11-07,['5.23%'],5.23%
AXGN,Axogen Inc,2024-11-07,"['35.1%', '-10.37%', '-15.11%', '36.9%', '-19.44%', '-3.52%', '11.95%', '12.92%', '0.29%']",16.18%
BSLAF,BSLAF,2024-11-07,['0.0%'],0.0%
BSQKZ,BSQKZ,2024-11-07,['-0.17%'],0.17%
BSRTF,BSRTF,2024-11-07,"['1.18%', '-0.35%', '2.73%', '0.38%', '1.45%']",1.22%
BTGOF,BTGOF,2024-11-07,"['-2.04%', '14.38%', '-6.12%', '2.26%', '-8.47%', '5.84%', '-12.0%', '-7.94%', '2.36%', '-3.49%']",6.49%
BUGDF,BUGDF,2024-11-07,['0.0%'],0.0%
BUHPF,BUHPF,2024-11-07,['0.0%'],0.0%
BLZE,Backblaze Inc - Class A,2024-11-07,"['24.47%', '-24.32%', '45.15%', '-5.27%', '-10.66%', '1.73%', '4.22%', '2.48%']",14.79%
BDX,Becton Dickinson & Company,2024-11-07,"['-2.09%', '2.84%', '1.48%', '-9.25%', '-2.73%', '-4.23%', '-2.24%']",3.55%
BSY,Bentley Systems Inc - Class B,2024-11-07,"['6.23%', '2.6%', '-5.77%', '8.4%', '-0.76%', '10.08%', '3.19%', '3.66%']",5.09%
BRY,Berry Corp,2024-11-07,"['-1.16%', '-5.42%', '2.17%', '-8.62%', '2.32%', '-10.47%', '0.64%', '1.43%']",4.03%
BIGC,BigCommerce Holdings Inc Series 1,2024-11-07,"['-15.56%', '12.56%', '0.0%', '-10.96%', '26.76%', '0.14%', '-19.24%', '-30.11%']",14.42%
BCAB,BioAtla Inc,2024-11-07,"['0.0%', '14.94%', '14.95%', '-6.25%', '3.47%', '14.33%', '2.61%', '18.71%']",9.41%
BL,BlackLine Inc,2024-11-07,"['11.88%', '-1.52%', '0.46%', '8.47%', '-6.76%', '5.45%', '1.97%', '18.03%']",6.82%
BKSY,BlackSky Technology Inc - Class A,2024-11-07,"['13.61%', '-7.87%', '-10.37%', '-4.17%', '-8.15%', '10.26%', '-6.74%', '-7.22%']",8.55%
BLNK,Blink Charging Company,2024-11-07,"['-15.48%', '-0.7%', '-14.87%', '24.8%', '11.0%', '-4.21%', '0.77%']",10.26%
SQ,Block Inc - Class A,2024-11-07,"['0.8%', '-1.18%', '16.13%', '10.69%', '-13.64%', '-1.95%', '4.33%', '11.5%']",7.53%
BE,Bloom Energy Corp - Class A,2024-11-07,"['9.01%', '-4.94%', '-17.46%', '8.37%', '-4.16%', '-8.49%', '1.73%', '11.67%']",8.23%
CION,CION Invt Corp,2024-11-07,"['3.01%', '1.45%', '-0.36%', '3.7%', '2.97%', '0.63%', '6.2%', '4.05%']",2.8%
CKX,CKX Lands Inc,2024-11-07,['-0.08%'],0.08%
CLDT-PA,CLDT-PA,2024-11-07,['0.43%'],0.43%
CLNXF,CLNXF,2024-11-07,['0.0%'],0.0%
CLVR,CLVR,2024-11-07,"['0.0%', '0.0%', '0.4%', '-9.5%', '1.67%', '-5.54%', '-6.85%', '-4.87%', '0.0%', '0.95%']",2.98%
CLYYF,CLYYF,2024-11-07,['-2.0%'],2.0%
CNGO,CNGO,2024-11-07,"['0.0%', '0.0%', '0.0%', '0.0%']",0.0%
CNNEF,CNNEF,2024-11-07,['-0.32%'],0.32%
CSCI,COSCIENS Biopharma Inc,2024-11-07,['1.74%'],1.74%
CPHRF,CPHRF,2024-11-07,"['0.0%', '0.0%', '-8.33%', '-7.61%', '0.0%', '0.0%', '-25.11%', '-3.69%', '0.0%', '5.06%', '3.19%', '0.0%']",4.42%
CRH,CRH Plc,2024-11-07,"['7.16%', '4.3%', '6.29%', '4.07%', '-1.25%']",4.61%
CRLFF,CRLFF,2024-11-07,['-1.37%'],1.37%
CTA-PA,CTA-PA,2024-11-07,['-0.33%'],0.33%
CTA-PB,CTA-PB,2024-11-07,['-0.27%'],0.27%
CTLPP,CTLPP,2024-11-07,['-1.49%'],1.49%
CTTMF,CTTMF,2024-11-07,"['0.0%', '0.0%']",0.0%
CTXXF,CTXXF,2024-11-07,['-10.9%'],10.9%
CWGL,CWGL,2024-11-07,['0.5%'],0.5%
CIVI,Civitas Resources Inc New,2024-11-07,"['-9.87%', '7.02%', '3.73%', '-5.54%', '-1.01%', '-0.09%', '13.09%', '-0.59%']",5.12%
CLAR,Clarus Corp,2024-11-07,"['-13.86%', '18.67%', '24.29%', '-11.72%', '7.1%', '-5.15%', '2.06%', '-21.62%']",13.06%
CLPT,ClearPoint Neuro Inc,2024-11-07,"['40.68%', '1.7%', '18.51%', '-17.71%', '-2.81%', '-1.65%', '-9.79%', '-5.37%']",12.28%
CLFD,Clearfield Inc,2024-11-07,"['-8.49%', '13.22%', '12.71%', '1.66%', '-10.48%', '-16.3%', '-12.3%', '26.72%']",12.73%
NET,Cloudflare Inc - Class A,2024-11-07,"['6.8%', '-16.38%', '19.5%', '13.86%', '6.89%', '-21.03%', '3.32%', '-18.42%']",13.28%
CODX,Co-Diagnostics Inc,2024-11-07,"['9.8%', '-9.76%', '-10.08%', '-10.24%', '-4.13%', '7.26%', '-16.22%', '5.49%']",9.12%
CCOI,Cogent Communications Holdings Inc,2024-11-07,"['1.94%', '-2.68%', '0.24%', '3.85%', '13.04%', '-5.1%', '-5.63%', '2.16%']",4.33%
COLL,Collegium Pharmaceutical Inc,2024-11-07,"['0.51%', '-16.8%', '10.79%', '6.6%', '6.68%', '3.2%', '0.94%', '4.49%']",6.25%
CMPO,CompoSecure Inc - Class A,2024-11-07,"['29.16%', '3.86%', '25.96%', '-9.03%', '-0.3%', '-5.15%', '-5.3%', '8.09%']",10.86%
TBRG,Computer Programs & Systems Inc,2024-11-07,"['24.46%', '4.28%', '3.72%']",10.82%
CNFR,Conifer Holdings Inc,2024-11-07,"['-18.7%', '0.3%', '-26.11%', '-6.37%', '13.13%', '5.77%', '-5.51%', '2.67%']",9.82%
ED,Consolidated Edison Inc,2024-11-07,"['1.62%', '0.33%', '-1.02%', '-0.1%', '-1.13%', '0.98%', '1.73%', '1.48%']",1.05%
CWCO,Consolidated Water Co. Ltd,2024-11-07,"['1.09%', '-3.19%', '-2.79%', '10.75%', '11.37%', '13.39%', '6.21%']",6.97%
CYRX,CryoPort Inc,2024-11-07,"['-0.26%', '-19.51%', '-11.9%', '10.03%', '-1.76%', '13.71%', '8.79%', '-32.05%']",12.25%
CPIX,Cumberland Pharmaceuticals Inc,2024-11-07,"['-1.33%', '5.7%', '-3.0%', '-11.71%', '15.38%', '0.6%', '-1.73%', '0.37%']",4.98%
CUTR,Cutera Inc,2024-11-07,"['-32.14%', '-7.26%', '-30.43%', '1.44%', '-22.52%', '-12.57%', '-0.99%', '6.0%']",14.17%
DUERF,DUERF,2024-11-07,['0.0%'],0.0%
DUK-PA,DUK-PA,2024-11-07,['0.2%'],0.2%
DURYY,DURYY,2024-11-07,['0.0%'],0.0%
DXC,DXC Technology Company,2024-11-07,"['7.15%', '-16.9%', '0.09%', '9.96%', '-29.44%', '2.52%', '2.6%', '7.55%']",9.53%
DARE,Dare Bioscience Inc,2024-11-07,"['20.0%', '0.0%', '-10.75%', '-7.06%', '-2.32%', '0.0%', '1.92%', '-2.23%']",5.54%
DRIO,DarioHealth Corp,2024-11-07,"['-9.92%', '6.94%', '0.66%', '0.0%', '-8.43%', '4.32%', '-9.94%', '25.26%']",8.18%
DDOG,Datadog Inc - Class A,2024-11-07,"['5.57%', '-11.48%', '-2.35%', '28.47%', '-17.18%', '14.52%', '-7.04%', '0.71%']",10.92%
DWSN,Dawson Geophysical Company,2024-11-07,"['-12.63%', '-5.34%', '22.45%', '2.52%', '-4.64%', '-7.2%', '-8.38%', '-18.77%']",10.24%
DH,Definitive Healthcare Corp - Class A,2024-11-07,"['2.82%', '-26.21%', '3.48%', '19.97%', '-3.34%', '3.13%', '-0.66%']",8.52%
DESP,Despegar.com Corp,2024-11-07,"['-6.2%', '19.14%', '14.46%', '0.29%', '-6.66%', '4.24%', '2.22%', '-3.4%']",7.08%
DHIL,Diamond Hill Investment Group Inc - Class A,2024-11-07,"['-1.06%', '-2.85%', '2.33%', '-2.41%', '-1.86%', '1.3%', '1.94%', '-4.0%']",2.22%
DNTH,Dianthus Therapeutics Inc,2024-11-07,"['2.84%', '-2.57%', '14.32%', '0.79%']",5.13%
DGII,Digi International Inc,2024-11-07,"['18.88%', '-16.99%', '13.86%', '-7.93%', '-14.56%', '10.99%', '4.35%', '7.69%']",11.91%
DIOD,Diodes Inc,2024-11-07,"['7.48%', '-9.35%', '-2.17%', '-9.02%', '-5.22%', '5.16%', '4.12%', '3.25%']",5.72%
DCGO,DocGo Inc,2024-11-07,"['21.4%', '-12.14%', '3.3%', '5.34%', '11.86%', '4.98%', '-3.22%', '-3.59%']",8.23%
DOCS,Doximity Inc - Class A,2024-11-07,"['38.74%', '18.07%', '1.24%', '16.24%', '-22.84%', '-5.67%', '-12.88%', '32.7%']",18.55%
DKNG,DraftKings Inc - Class A,2024-11-07,"['-9.78%', '-2.81%', '0.25%', '16.46%', '5.84%', '15.34%', '15.33%', '-27.82%']",11.7%
ERNXY,ERNXY,2024-11-07,['3.16%'],3.16%
EUXTF,EUXTF,2024-11-07,['0.0%'],0.0%
EXROF,EXROF,2024-11-07,['-38.21%'],38.21%
EPC,Edgewell Personal Care Company,2024-11-07,"['0.98%', '3.24%', '1.63%', '-1.74%', '3.4%', '5.5%', '3.42%', '1.45%']",2.67%
EWTX,Edgewise Therapeutics Inc,2024-11-07,"['1.95%', '-4.26%', '-0.74%', '-7.29%', '3.85%', '-3.99%', '-2.03%', '6.81%']",3.86%
EDR,Endeavor Group Holdings Inc - Class A,2024-11-07,"['1.14%', '-0.23%', '-3.85%', '0.96%', '6.15%', '-3.17%', '-1.17%', '3.13%']",2.48%
ENV,Envestnet Inc,2024-11-07,"['0.03%', '1.59%', '8.35%', '-8.67%', '-7.77%', '-8.41%', '-1.95%', '1.29%']",4.76%
ESTA,Establishment Labs Holdings Inc,2024-11-07,"['-2.66%', '10.89%', '18.77%', '-23.18%', '-5.27%', '1.82%', '6.89%', '-6.02%']",9.44%
EB,Eventbrite Inc - Class A,2024-11-07,"['-17.37%', '-0.72%', '-30.29%', '5.71%', '4.46%', '17.85%', '12.44%', '6.38%']",11.9%
EVRG,Evergy Inc,2024-11-07,"['-0.53%', '2.11%', '-0.5%', '-1.18%', '-1.85%', '0.66%', '-0.21%', '1.72%']",1.09%
EVOK,Evoke Pharma Inc,2024-11-07,"['0.88%', '-0.21%', '-8.15%', '10.34%', '2.17%', '-2.39%', '-15.16%', '13.04%']",6.54%
EVH,Evolent Health Inc - Class A,2024-11-07,"['26.5%', '-9.27%', '14.44%', '13.54%', '-5.1%', '-4.69%', '10.58%', '-9.38%']",11.69%
EVLV,Evolv Technologies Holdings Inc - Class A,2024-11-07,"['-4.95%', '-38.54%', '-16.77%', '-7.93%', '31.22%', '26.11%', '11.81%', '32.58%']",21.24%
FOSL,Fossil Group Inc,2024-11-07,"['-2.63%', '-16.33%', '24.46%', '14.22%', '14.44%', '-21.47%', '-21.1%', '7.02%']",15.21%
FNKO,Funko Inc - Class A,2024-11-07,"['11.34%', '5.72%', '6.52%', '16.51%', '-13.92%', '20.64%', '-7.1%', '-59.38%']",17.64%
GAQUF,GAQUF,2024-11-07,['0.0%'],0.0%
GBLBF,GBLBF,2024-11-07,['0.0%'],0.0%
GBLBY,GBLBY,2024-11-07,['0.0%'],0.0%
GCAAF,GCAAF,2024-11-07,['0.0%'],0.0%
GENGF,GENGF,2024-11-07,['-2.88%'],2.88%
GMPXF,GMPXF,2024-11-07,['-6.04%'],6.04%
GRCGF,GRCGF,2024-11-07,['0.0%'],0.0%
GRGSF,GRGSF,2024-11-07,['0.0%'],0.0%
GTBIF,GTBIF,2024-11-07,"['11.32%', '3.47%', '-1.49%', '-2.42%', '-3.57%', '8.27%', '0.6%', '5.33%']",4.56%
GXYEF,GXYEF,2024-11-07,['3.08%'],3.08%
GAU,Galiano Gold Inc,2024-11-07,"['-14.65%', '-1.79%', '-1.09%', '7.27%', '3.45%', '5.8%', '-1.82%', '7.55%']",5.43%
GAQ,Generation Asia I Acquisition Ltd - Class A,2024-11-07,['0.0%'],0.0%
GBIO,Generation Bio Company,2024-11-07,"['8.11%', '24.65%', '6.5%', '10.58%', '0.22%', '-7.29%', '-9.44%', '12.88%']",9.96%
GEO,Geo Group Inc,2024-11-07,"['-5.53%', '-5.54%', '6.12%', '5.47%', '1.79%', '-7.73%', '-16.23%', '-2.03%']",6.3%
GERN,Geron Corp,2024-11-07,"['0.88%', '-3.19%', '-5.8%', '-7.77%', '-6.33%', '2.48%', '-4.53%', '-5.58%']",4.57%
GEVO,Gevo Inc,2024-11-07,"['0.0%', '0.0%', '-3.66%', '11.11%', '1.92%', '-5.83%', '5.59%', '-18.83%']",5.87%
GAIN,Gladstone Investment Corporation,2024-11-07,"['-4.78%', '-0.49%', '-3.44%', '4.08%', '-1.86%', '-4.31%', '5.25%', '5.16%']",3.67%
HOCFF,HOCFF,2024-11-07,['0.0%'],0.0%
HRNNF,HRNNF,2024-11-07,['0.78%'],0.78%
HSTO,HSTO,2024-11-07,"['0.0%', '-5.56%', '-2.35%', '1.06%', '2.88%', '-5.19%', '0.0%', '-8.33%']",3.17%
HSYDF,HSYDF,2024-11-07,['0.0%'],0.0%
HUFAF,HUFAF,2024-11-07,['0.0%'],0.0%
HGTY,Hagerty Inc - Class A,2024-11-07,"['2.28%', '0.55%', '-1.11%', '9.99%', '0.12%', '5.07%', '-0.37%', '-4.16%']",2.96%
HBI,Hanesbrands Inc,2024-11-07,"['18.08%', '4.93%', '-8.05%', '-5.21%', '-1.13%', '-0.61%', '-27.9%', '4.94%']",8.86%
HBIO,Harvard Bioscience Inc,2024-11-07,"['11.83%', '-4.34%', '9.73%', '-1.16%', '-1.99%', '7.14%', '7.26%', '-9.5%']",6.62%
BEAT,HeartBeam Inc,2024-11-07,"['1.76%', '-2.49%', '5.0%', '-9.63%', '-2.46%', '-4.59%', '-16.63%', '-4.0%', '-3.29%', '-2.17%', '-2.54%']",4.96%
HGBL,Heritage Global Inc,2024-11-07,"['-16.88%', '-7.66%', '-2.0%', '-19.25%', '-10.14%', '0.67%', '14.17%', '2.87%']",9.21%
HSY,Hershey Company,2024-11-07,"['1.08%', '1.04%', '4.14%', '-2.79%', '-2.86%', '4.42%', '4.05%', '-1.32%']",2.71%
HIMX,Himax Technologies,2024-11-07,"['-2.97%', '9.2%', '-1.42%', '1.09%', '0.0%', '-4.23%', '-4.48%', '11.47%']",4.36%
HYFM,Hydrofarm Holdings Group Inc,2024-11-07,"['1.5%', '1.73%', '5.0%', '10.88%', '-8.67%', '-13.16%', '12.9%', '21.74%']",9.45%
IBEX,IBEX Ltd,2024-11-07,"['16.86%', '5.36%', '-9.15%', '3.27%', '-25.34%', '1.18%', '13.04%', '8.53%']",10.34%
III,Information Services Group Inc,2024-11-07,"['0.0%', '-9.09%', '-3.88%', '4.61%', '1.96%', '2.4%']",3.66%
INFU,InfuSystem Holdings Inc,2024-11-07,"['3.45%', '-4.79%', '-5.25%', '-3.38%', '-1.2%', '-3.09%', '-13.8%', '2.05%']",4.63%
INGN,Inogen Inc,2024-11-07,"['35.95%', '12.88%', '-32.66%', '-1.14%', '-13.6%', '-5.38%', '-31.39%', '-7.85%']",17.61%
INO,Inovio Pharmaceuticals Inc,2024-11-07,"['-3.1%', '0.53%', '-8.51%', '-2.78%', '15.0%', '-3.7%', '4.84%', '1.87%']",5.04%
IBP,Installed Building Products Inc,2024-11-07,"['-12.75%', '2.06%', '10.12%', '-1.55%', '2.05%', '-8.63%', '7.33%', '-2.33%']",5.85%
PODD,Insulet Corporation,2024-11-07,"['-8.81%', '1.27%', '-6.55%', '-6.56%', '15.76%', '-3.63%', '2.03%', '-1.09%']",5.71%
NTLA,Intellia Therapeutics Inc,2024-11-07,"['5.02%', '8.09%', '1.12%', '-12.27%', '-1.56%', '13.14%', '0.08%', '1.0%']",5.29%
INSW,International Seaways Inc,2024-11-07,"['-4.16%', '8.19%', '1.28%', '-1.83%', '3.91%', '4.83%', '5.78%', '1.19%']",3.9%
IVVD,Invivyd Inc,2024-11-07,"['-12.79%', '-7.55%', '-6.61%', '11.0%', '0.0%', '3.23%', '0.7%', '-8.39%']",6.28%
IOVA,Iovance Biotherapeutics Inc,2024-11-07,"['24.94%', '-18.44%', '-8.72%', '-3.47%', '6.44%', '3.8%', '0.14%', '4.34%']",8.79%
IRWD,Ironwood Pharmaceuticals Inc - Class A,2024-11-07,"['-32.61%', '-17.0%', '-2.98%', '3.14%', '-9.16%', '0.67%', '0.54%', '3.65%']",8.72%
ISDR,Issuer Direct Corp,2024-11-07,"['2.92%', '-16.6%', '-7.76%', '-14.25%', '7.86%', '7.54%', '0.12%', '-0.93%']",7.25%
ITI,Iteris Inc,2024-11-07,"['63.55%', '-4.37%', '-0.37%', '-0.7%', '8.63%', '-9.17%', '12.59%', '10.37%']",13.72%
KVHI,KVH Industries Inc,2024-11-07,"['2.92%', '2.0%', '2.64%', '-4.11%', '-31.54%', '0.29%', '1.84%', '-5.25%']",6.32%
KYRNF,KYRNF,2024-11-07,['0.0%'],0.0%
KRT,Karat Packaging Inc,2024-11-07,"['-14.83%', '-7.71%', '-10.31%', '-14.21%', '3.04%', '4.15%', '-4.12%', '-10.86%']",8.65%
KELYA,Kelly Services Inc - Class A,2024-11-07,"['-5.23%', '-6.34%', '7.32%', '4.62%', '-4.49%', '7.52%', '-11.43%', '16.14%']",7.89%
KELYB,Kelly Services Inc - Class B,2024-11-07,['2.47%'],2.47%
KRP,Kimbell Royalty Partners LP,2024-11-07,"['-3.09%', '0.5%', '0.0%', '2.86%', '-1.34%', '-2.94%', '9.12%', '0.98%']",2.6%
KOPN,Kopin Corp,2024-11-07,"['7.5%', '9.21%', '-13.24%', '19.67%', '-8.47%', '12.0%', '-4.72%', '-1.85%']",9.58%
KTOS,Kratos Defense & Security Solutions Inc,2024-11-07,"['-1.59%', '5.76%', '16.97%', '-3.9%', '15.04%', '7.54%', '13.16%', '-0.09%']",8.01%
KURA,Kura Oncology Inc,2024-11-07,"['-0.78%', '0.19%', '-1.75%', '7.01%', '4.36%', '8.3%', '-2.74%', '-1.67%']",3.35%
LAAOF,LAAOF,2024-11-07,"['0.0%', '0.0%']",0.0%
LABFF,LABFF,2024-11-07,['0.0%'],0.0%
LBGUF,LBGUF,2024-11-07,['0.0%'],0.0%
LBRDB,LBRDB,2024-11-07,['0.0%'],0.0%
LCII,LCI Industries,2024-11-07,"['7.06%', '5.91%', '-1.53%', '-2.26%', '-7.24%', '-5.32%', '0.35%', '-2.02%']",3.96%
LEFUF,LEFUF,2024-11-07,['1.57%'],1.57%
LGDTF,LGDTF,2024-11-07,['-3.85%'],3.85%
LGRVF,LGRVF,2024-11-07,['4.79%'],4.79%
LFMD,LifeMD Inc,2024-11-07,"['-2.79%', '-24.57%', '5.41%', '-4.89%', '19.67%', '0.0%', '3.57%', '19.23%']",10.02%
LFMDP,LifeMD Inc,2024-11-07,['-3.54%'],3.54%
LCUT,Lifetime Brands Inc,2024-11-07,"['-0.83%', '8.67%', '-1.11%', '10.27%', '-0.18%', '-3.07%', '2.87%', '-12.7%']",4.96%
LGND,Ligand Pharmaceuticals Inc - Class B,2024-11-07,"['-5.78%', '9.75%', '19.86%', '4.61%', '5.35%', '3.42%', '4.12%', '11.31%']",8.03%
LPTH,Lightpath Technologies Inc - Class A,2024-11-07,"['-0.79%', '8.27%', '4.52%', '-5.04%', '-4.57%', '1.48%', '1.23%', '1.96%']",3.48%
LSPD,Lightspeed Commerce Inc (Sub Voting),2024-11-07,"['-1.64%', '18.15%', '-24.37%', '15.92%', '7.46%', '-12.63%', '-6.25%', '-18.56%']",13.12%
LCTX,Lineage Cell Therapeutics Inc,2024-11-07,"['2.27%', '-0.85%', '15.04%', '-2.8%', '2.13%', '-2.13%', '-2.05%', '8.27%']",4.44%
LGF-A,Lions Gate Entertainment Corp - Class A,2024-11-07,"['-0.57%', '-9.72%', '-13.15%', '-0.66%', '-4.64%', '13.77%', '25.33%', '-3.99%']",8.98%
LGF-B,Lions Gate Entertainment Corp - Class B,2024-11-07,"['-1.94%', '-10.34%', '-12.77%', '-0.23%', '-4.14%', '12.51%', '25.68%', '-3.55%']",8.89%
LVO,LiveOne Inc,2024-11-07,"['6.04%', '-2.33%', '1.36%', '-6.56%', '10.46%', '-1.84%', '2.11%', '4.89%']",4.45%
LPSN,Liveperson Inc,2024-11-07,"['-5.79%', '-7.94%', '-47.08%', '-11.07%', '19.05%', '26.44%', '-57.73%', '24.21%']",24.91%
LIXT,Lixte Biotechnology Holdings Inc,2024-11-07,"['0.93%', '0.0%', '0.0%']",0.31%
LRFC,Logan Ridge Finance Corporation,2024-11-07,"['-0.46%', '1.04%', '0.75%', '2.64%', '2.64%', '3.5%', '-2.31%', '3.51%']",2.11%
LCID,Lucid Group Inc,2024-11-07,"['3.0%', '-14.1%', '-16.76%', '-8.14%', '12.17%', '-5.58%', '-11.92%', '-16.96%']",11.08%
LITE,Lumentum Holdings Inc,2024-11-07,"['14.78%', '-6.14%', '-22.43%', '2.02%', '-1.3%', '-3.97%', '-1.42%', '-16.17%']",8.53%
MTSI,MACOM Technology Solutions Holdings Inc,2024-11-07,"['-1.26%', '-0.14%', '-2.54%', '-0.82%', '11.14%', '-3.84%', '-2.93%', '4.87%']",3.44%
MBI,MBIA Inc,2024-11-07,"['-7.64%', '-8.48%', '-5.09%', '-8.83%', '-3.42%', '-17.2%', '-11.17%', '15.33%']",9.64%
MDU,MDU Resources Group Inc,2024-11-07,"['-1.81%', '0.88%', '1.12%', '0.8%', '-3.95%', '-0.84%', '-0.99%', '1.82%']",1.53%
MEJHF,MEJHF,2024-11-07,['0.0%'],0.0%
MFCSF,MFCSF,2024-11-07,['-2.9%'],2.9%
MTD,Mettler-Toledo International Inc,2024-11-07,"['-4.88%', '17.04%', '-4.12%', '1.91%', '-1.18%', '-3.4%', '-1.39%', '4.78%']",4.84%
MVST,Microvast Holdings Inc,2024-11-07,"['-13.89%', '-2.52%', '-34.08%', '-7.78%', '-2.41%', '42.75%', '-3.88%', '0.82%']",13.52%
MFIC,MidCap Financial Investment Corporation,2024-11-07,"['2.46%', '-0.46%', '4.11%', '-0.67%', '0.29%', '0.99%', '3.31%', '7.23%']",2.44%
MNMD,Mind Medicine Inc,2024-11-07,"['-3.8%', '-5.1%', '-3.78%', '14.44%', '-7.64%', '-5.8%', '-5.35%', '7.88%']",6.72%
MRNA,Moderna Inc,2024-11-07,"['-21.01%', '12.68%', '13.53%', '-6.52%', '-0.24%', '3.22%', '-6.7%', '-0.75%']",8.08%
TAP-A,Molson Coors Beverage Company - Class A,2024-11-07,['5.82%'],5.82%
ML,MoneyLion Inc - Class A,2024-11-07,"['-17.94%', '0.18%', '28.18%', '-0.87%', '-10.23%', '-27.61%', '0.88%', '-9.57%']",11.93%
MNPR,Monopar Therapeutics Inc,2024-11-07,"['-19.64%', '-5.2%', '-7.6%', '-3.03%', '3.17%', '-6.6%', '0.62%', '-24.83%']",8.84%
MPAA,Motorcar Parts of America Inc,2024-11-07,"['-0.83%', '-8.65%', '-10.23%', '-1.35%', '-13.89%', '16.89%', '-8.35%', '-10.69%']",8.86%
MSI,Motorola Solutions Inc,2024-11-07,"['2.94%', '5.19%', '0.77%', '6.49%', '-3.08%', '-3.05%', '5.59%', '7.01%']",4.26%
MYGN,Myriad Genetics Inc,2024-11-07,"['2.62%', '21.08%', '-8.04%', '8.69%', '-6.98%', '-3.65%', '13.21%', '-15.62%']",9.99%
NBIO,NBIO,2024-11-07,['0.23%'],0.23%
VYX,NCR Voyix Corp,2024-11-07,"['-6.4%', '-3.57%', '-21.49%', '-1.36%']",8.21%
NCRRP,NCRRP,2024-11-07,['0.0%'],0.0%
NEMKY,NEMKY,2024-11-07,"['0.0%', '0.0%']",0.0%
NEMTF,NEMTF,2024-11-07,"['0.0%', '0.0%']",0.0%
NEXOF,NEXOF,2024-11-07,['0.0%'],0.0%
NEXOY,NEXOY,2024-11-07,['-1.98%'],1.98%
NEXPF,NEXPF,2024-11-07,['0.0%'],0.0%
NEXXY,NEXXY,2024-11-07,['5.5%'],5.5%
NGENF,NGENF,2024-11-07,['-0.76%'],0.76%
NGL,NGL Energy Partners LP,2024-11-07,"['5.13%', '-7.13%', '1.04%', '-5.05%', '-7.24%', '5.99%', '21.64%', '-10.07%']",7.91%
NWSA,News Corp - Class A,2024-11-07,"['3.58%', '2.65%', '6.47%', '-1.74%', '4.58%', '8.48%', '-9.37%', '-5.44%']",5.29%
NWS,News Corp - Class B,2024-11-07,['3.57%'],3.57%
NXST,Nexstar Media Group Inc,2024-11-07,"['-4.86%', '5.85%', '1.48%', '-2.68%', '-4.02%', '-1.09%', '-3.33%', '8.03%']",3.92%
NKTX,Nkarta Inc,2024-11-07,"['3.22%', '-0.79%', '-31.28%', '-0.98%', '1.5%', '0.45%', '2.4%', '-2.31%']",5.37%
NVMI,Nova Ltd,2024-11-07,"['19.48%', '6.64%', '6.05%', '4.93%', '-1.6%', '1.96%', '1.56%', '5.58%']",5.98%
NBY,Novabay Pharmaceuticals Inc,2024-11-07,"['-4.17%', '5.19%', '-11.11%', '-21.43%', '-8.57%', '-6.85%', '-3.0%', '-1.16%']",7.68%
NVAX,Novavax Inc,2024-11-07,"['9.06%', '98.66%', '-26.74%', '-1.32%', '-3.86%', '27.79%', '-25.92%', '-5.19%']",24.82%
NUS,Nu Skin Enterprises Inc - Class A,2024-11-07,"['-3.17%', '2.9%', '-20.71%', '-9.45%', '-7.63%', '-3.32%', '-4.21%', '-13.4%']",8.1%
BURU,Nuburu Inc,2024-11-07,['-9.38%'],9.38%
NCDL,Nuveen Churchill Direct Lending Corp,2024-11-07,"['0.17%', '0.51%', '1.7%']",0.79%
OAK-PA,OAK-PA,2024-11-07,['-0.43%'],0.43%
OAK-PB,OAK-PB,2024-11-07,['-0.75%'],0.75%
OEZVF,OEZVF,2024-11-07,['0.0%'],0.0%
OEZVY,OEZVY,2024-11-07,['-3.21%'],3.21%
ONTF,ON24 Inc,2024-11-07,"['-1.55%', '-4.44%', '-8.31%', '4.5%', '-12.83%', '-0.7%', '-18.88%', '8.73%']",7.49%
OSBK,OSBK,2024-11-07,['0.0%'],0.0%
OVTZ,OVTZ,2024-11-07,['25.0%'],25.0%
OLO,Olo Inc - Class A,2024-11-07,"['12.97%', '0.21%', '2.42%', '-25.64%', '-4.01%', '8.64%', '3.7%', '16.35%']",9.24%
OMER,Omeros Corporation,2024-11-07,"['-5.78%', '-20.62%', '-4.39%', '-0.79%', '1.88%', '21.2%', '9.28%', '-5.67%']",8.7%
ONCT,Oncternal Therapeutics Inc,2024-11-07,"['-4.89%', '-5.32%', '3.68%', '-3.33%', '-8.82%', '3.12%', '-15.73%', '-10.0%']",6.86%
PENN,PENN Entertainment Inc,2024-11-07,"['8.46%', '-8.76%', '-13.82%', '13.98%', '9.1%', '-13.65%', '-5.38%', '-5.12%']",9.78%
PCG,PG&E Corp,2024-11-07,"['-1.26%', '0.41%', '-0.77%', '-1.79%', '-1.73%', '-0.29%', '-1.55%', '1.38%']",1.15%
PGENY,PGENY,2024-11-07,['16.51%'],16.51%
PIAC,PIAC,2024-11-07,['0.0%'],0.0%
PIGEF,PIGEF,2024-11-07,['0.0%'],0.0%
PKTEF,PKTEF,2024-11-07,['0.0%'],0.0%
PLLIF,PLLIF,2024-11-07,['0.0%'],0.0%
PMVP,PMV Pharmaceuticals Inc,2024-11-07,"['0.0%', '-2.78%', '1.35%', '2.15%', '27.69%', '8.33%', '-14.15%', '1.08%']",7.19%
PRTHU,PRTHU,2024-11-07,"['0.0%', '0.0%', '0.0%', '0.0%', '0.0%', '0.0%', '0.0%', '0.0%']",0.0%
PSYTF,PSYTF,2024-11-07,['-4.91%'],4.91%
PTCT,PTC Therapeutics Inc,2024-11-07,"['-3.57%', '12.08%', '13.34%', '-22.71%', '-3.99%', '4.75%', '-1.1%', '-13.73%']",9.41%
PUPOF,PUPOF,2024-11-07,['0.0%'],0.0%
PXPHF,PXPHF,2024-11-07,['0.0%'],0.0%
PYCFF,PYCFF,2024-11-07,['0.0%'],0.0%
PACB,Pacific Biosciences of California Inc,2024-11-07,"['9.15%', '2.91%', '-13.94%', '-13.08%', '-7.99%', '3.98%', '-3.24%', '7.24%']",7.69%
PALI,Palisade Bio Inc,2024-11-07,"['1.09%', '1.09%', '0.32%', '8.11%', '1.92%', '2.9%', '-1.85%', '-2.91%']",2.52%
PZZA,Papa John`s International Inc,2024-11-07,"['1.74%', '-6.84%', '2.48%', '-3.54%', '0.83%', '1.66%', '-6.11%', '2.23%']",3.18%
PEB,Pebblebrook Hotel Trust,2024-11-07,"['0.89%', '0.97%', '-2.53%', '-10.09%', '7.65%', '-0.22%', '-0.89%', '-0.18%']",2.93%
PRA,Proassurance Corporation,2024-11-07,"['16.29%', '9.7%', '-5.29%', '-21.28%', '8.17%', '-22.33%', '4.68%', '-12.63%']",12.55%
PROF,Profound Medical Corp,2024-11-07,"['-2.81%', '-9.27%', '-10.86%', '4.8%', '-2.97%', '3.39%', '-5.56%', '18.62%']",7.29%
PMD,Psychemedics Corp,2024-11-07,"['-1.72%', '-8.59%', '3.61%', '-17.8%', '-5.58%', '-3.26%', '16.62%', '-0.67%']",7.23%
PULM,Pulmatrix Inc,2024-11-07,"['4.8%', '-3.31%', '8.02%', '-3.65%', '0.38%', '-4.79%', '-0.77%', '3.06%']",3.6%
PBYI,Puma Biotechnology Inc,2024-11-07,"['9.43%', '-2.02%', '-5.31%', '11.65%', '8.52%', '20.69%', '-19.35%', '26.64%']",12.95%
PCT,PureCycle Technologies Inc,2024-11-07,"['-10.62%', '-2.9%', '-11.48%', '-14.68%', '-0.76%', '-0.81%', '-4.74%', '12.49%']",7.31%
PCTTU,PureCycle Technologies Inc - Units (1 Ord Class A & 3/4 War),2024-11-07,['0.0%'],0.0%
QBCAF,QBCAF,2024-11-07,['0.0%'],0.0%
QBCRF,QBCRF,2024-11-07,['4.25%'],4.25%
QTEYF,QTEYF,2024-11-07,['0.0%'],0.0%
QRHC,Quest Resource Holding Corp,2024-11-07,"['-7.74%', '-2.87%', '1.58%', '-6.46%', '10.58%', '-2.43%', '-6.83%', '-16.83%']",6.91%
QNRX,Quoin Pharmaceuticals Ltd,2024-11-07,"['-7.26%', '0.63%', '-13.79%', '-8.27%', '6.26%', '-14.08%', '-7.83%', '17.07%']",9.4%
QRTEP,Qurate Retail Inc,2024-11-07,['12.14%'],12.14%
QRTEA,Qurate Retail Inc - Series A,2024-11-07,"['4.84%', '0.0%', '5.71%', '58.14%', '0.0%', '23.94%', '-22.27%', '-21.24%']",17.02%
QRTEB,Qurate Retail Inc - Series B,2024-11-07,['5.28%'],5.28%
RATIY,RATIY,2024-11-07,['0.0%'],0.0%
RBCP,RBC Bearings Incorporated 5.00 Series A Mandatory Convertible Preferred Stock,2024-11-07,['-3.21%'],3.21%
RBLAF,RBLAF,2024-11-07,['0.0%'],0.0%
RBLAY,RBLAY,2024-11-07,['0.0%'],0.0%
RC-PC,RC-PC,2024-11-07,['1.41%'],1.41%
RC-PE,RC-PE,2024-11-07,['0.43%'],0.43%
RELOF,RELOF,2024-11-07,['0.0%'],0.0%
RKAGY,RKAGY,2024-11-07,['0.0%'],0.0%
RNWEF,RNWEF,2024-11-07,"['-7.79%', '0.0%', '0.0%', '4.8%', '0.0%', '-6.21%', '8.22%', '-7.58%']",4.33%
RNWEY,RNWEY,2024-11-07,['0.0%'],0.0%
SEIGF,SEIGF,2024-11-07,['0.0%'],0.0%
SEIGY,SEIGY,2024-11-07,['0.0%'],0.0%
SEMR,SEMrush Holdings Inc - Class A,2024-11-07,"['2.01%', '11.15%', '-16.23%', '0.53%', '2.85%', '-16.26%', '9.06%', '-12.88%']",8.87%
SENEM,SENEM,2024-11-07,['0.0%'],0.0%
SESMF,SESMF,2024-11-07,['2.18%'],2.18%
SFEGY,SFEGY,2024-11-07,['0.0%'],0.0%
SGBAF,SGBAF,2024-11-07,"['-5.33%', '-5.33%']",5.33%
SHGDF,SHGDF,2024-11-07,['0.0%'],0.0%
SIGA,SIGA Technologies Inc,2024-11-07,"['-5.84%', '-28.3%', '21.24%', '-6.59%', '-6.24%', '1.89%', '-3.62%', '11.37%']",10.64%
SPLP-PA,SPLP-PA,2024-11-07,['-0.12%'],0.12%
SPPJY,SPPJY,2024-11-07,"['3.13%', '0.0%', '1.69%', '0.45%', '-0.95%', '-2.64%', '-0.99%', '4.84%']",1.84%
STPDF,STPDF,2024-11-07,['0.0%'],0.0%
SUMXF,SUMXF,2024-11-07,['-7.53%'],7.53%
SYZLF,SYZLF,2024-11-07,['11.19%'],11.19%
SGA,Saga Communications Inc - Class A,2024-11-07,"['3.23%', '-5.91%', '1.08%', '0.99%', '-0.47%', '-3.61%', '-5.87%', '3.33%']",3.06%
SAND,Sandstorm Gold Ltd,2024-11-07,"['-2.49%', '4.88%', '0.74%', '-3.33%', '2.49%', '-3.52%', '-5.31%', '5.35%']",3.51%
SCSC,Scansource Inc,2024-11-07,"['-2.07%', '1.89%', '-5.45%', '-7.67%', '-1.8%', '6.1%', '-9.88%', '-3.16%']",4.75%
SEE,Sealed Air Corp,2024-11-07,"['3.43%', '8.82%', '-2.91%', '8.67%', '-9.51%', '-10.84%', '-6.55%', '-6.72%']",7.18%
SENEA,Seneca Foods Corp - Class A,2024-11-07,"['3.28%', '-0.38%', '-5.75%', '-6.71%', '8.41%', '-10.92%', '1.41%', '5.85%']",5.34%
STGW,Stagwell Inc - Class A,2024-11-07,"['-5.54%', '13.28%', '-24.93%', '5.58%', '1.26%', '-5.31%', '11.63%', '-5.01%']",9.07%
SPLP,Steel Partners Holdings LP,2024-11-07,['0.84%'],0.84%
SCM,Stellus Capital Investment Corp,2024-11-07,"['1.03%', '0.92%', '1.73%', '-4.75%', '-4.17%', '-1.54%', '-0.7%', '2.4%']",2.15%
STEP,StepStone Group Inc - Class A,2024-11-07,"['7.7%', '10.11%', '6.28%', '-5.37%', '4.38%', '-3.43%', '-0.64%', '3.18%']",5.14%
SHOO,Steven Madden Ltd,2024-11-07,"['1.98%', '-2.45%', '-0.83%', '-0.15%', '3.42%', '2.17%', '6.35%', '-0.84%']",2.27%
STRA,Strategic Education Inc,2024-11-07,"['-12.77%', '16.28%', '16.55%', '3.95%', '5.42%', '-2.62%', '-6.27%', '8.88%']",9.09%
SSSS,SuRo Capital Corp,2024-11-07,"['-1.05%', '0.26%', '-0.69%', '-0.79%', '-2.6%', '-3.06%', '2.66%', '-8.22%']",2.42%
SPH,Suburban Propane Partners LP,2024-11-07,"['0.18%', '-2.58%', '0.71%', '-1.37%', '0.97%', '-4.14%', '-0.95%', '-2.63%']",1.69%
RUN,Sunrun Inc,2024-11-07,"['11.04%', '7.82%', '-17.97%', '10.12%', '7.62%', '-15.66%', '-2.16%', '18.7%']",11.39%
SUP,Superior Industries International Inc,2024-11-07,"['8.0%', '6.17%', '-1.89%', '-4.33%', '7.5%', '-18.95%', '7.22%', '-2.91%']",7.12%
SYNA,Synaptics Inc,2024-11-07,"['0.53%', '-2.97%', '1.81%', '10.75%', '1.05%', '-16.22%', '-10.63%', '6.85%']",6.35%
SYBX,Synlogic Inc,2024-11-07,"['-4.27%', '-2.78%', '-6.32%', '-15.02%', '1.63%', '0.54%', '2.94%', '-6.81%']",5.04%
TCEYF,TCEYF,2024-11-07,['0.0%'],0.0%
TELA,TELA Bio Inc,2024-11-07,"['-22.94%', '16.8%', '7.1%', '-19.37%', '-3.31%', '-3.71%', '-5.91%', '24.62%']",12.97%
THPTF,THPTF,2024-11-07,['0.0%'],0.0%
THRY,Thryv Holdings Inc,2024-11-07,"['-21.97%', '-3.85%', '2.07%', '-9.36%', '4.9%', '3.87%', '-10.49%', '-0.33%']",7.1%
TDW,Tidewater Inc - New,2024-11-07,"['-3.64%', '13.44%', '14.37%', '-12.5%', '1.5%', '5.86%', '1.03%', '-0.77%']",6.64%
TTSH,Tile Shop Hldgs Inc,2024-11-07,"['1.67%', '-2.04%', '0.0%', '2.85%', '-10.0%', '-0.45%', '-5.11%', '15.69%']",4.73%
MTUS,TimkenSteel Corp,2024-11-07,"['-11.39%', '9.16%', '2.72%']",7.76%
TOST,Toast Inc - Class A,2024-11-07,"['-6.12%', '13.02%', '16.77%', '-13.68%', '14.64%', '8.53%', '-22.84%', '2.4%', '8.21%', '4.9%']",11.11%
TRMD,Torm Plc - Class A,2024-11-07,"['0.78%', '2.49%', '-1.66%', '3.12%', '0.45%', '-4.22%', '8.63%', '-1.38%']",2.84%
TSQ,Townsquare Media Inc - Class A,2024-11-07,"['1.19%', '-3.33%', '2.03%', '1.49%', '-19.7%', '0.81%', '15.7%', '1.78%']",5.75%
TTD,Trade Desk Inc - Class A,2024-11-07,"['12.5%', '3.08%', '17.46%', '-16.66%', '-4.74%', '-0.68%', '32.81%', '-8.02%']",11.99%
TACT,Transact Technologies Inc,2024-11-07,"['15.2%', '-23.88%', '-14.41%', '9.74%', '-9.53%', '24.83%', '-4.71%', '31.89%']",16.77%
TCI,Transcontinental Realty Investors Inc,2024-11-07,['-3.44%'],3.44%
TDG,Transdigm Group Incorporated,2024-11-07,"['2.31%', '0.67%', '-1.61%', '8.7%', '-2.77%', '4.68%', '3.07%', '9.82%']",4.2%
TG,Tredegar Corp,2024-11-07,"['7.37%', '-6.87%', '-1.81%', '8.31%', '-2.4%', '-14.16%', '0.57%', '-2.51%']",5.5%
TCX,Tucows Inc - Class A,2024-11-07,"['-4.66%', '-6.89%', '-4.03%', '18.09%', '-8.51%', '-10.39%', '2.02%', '-20.73%']",9.42%
TPB,Turning Point Brands Inc,2024-11-07,"['1.33%', '11.58%', '7.58%', '4.64%', '6.54%', '-2.16%', '10.96%', '8.46%']",6.66%
HEAR,Turtle Beach Corp,2024-11-07,"['15.21%', '5.17%', '26.47%', '12.64%', '8.49%', '16.1%', '5.83%', '23.68%']",14.2%
UACJF,UACJF,2024-11-07,['0.0%'],0.0%
UFGSY,UFGSY,2024-11-07,['0.0%'],0.0%
USFD,US Foods Holding Corp,2024-11-07,"['0.41%', '4.62%', '3.45%', '0.51%', '-2.98%', '5.01%', '3.6%', '10.43%']",3.88%
UTDAY,UTDAY,2024-11-07,['0.0%'],0.0%
UWMC,UWM Holdings Corporation Class A,2024-11-07,"['-2.75%', '5.03%', '-5.07%', '14.17%', '5.23%', '-18.01%', '7.98%', '20.06%']",9.79%
VTGN,VistaGen Therapeutics Inc,2024-11-07,"['-3.24%', '-2.12%', '10.0%', '-11.07%', '-14.63%', '4.65%', '-26.92%', '23.08%']",11.96%
VST,Vistra Corp,2024-11-07,"['6.94%', '9.13%', '4.0%', '-1.64%', '5.17%', '5.22%', '-1.27%', '-1.64%']",4.38%
VITL,Vital Farms Inc,2024-11-07,"['-9.27%', '26.95%', '4.74%', '0.97%', '25.9%', '14.85%', '4.31%', '3.86%']",11.36%
SEAT,Vivid Seats Inc - Class A,2024-11-07,"['2.14%', '-1.46%', '-10.39%', '15.84%', '-7.33%', '11.41%', '18.04%', '-0.36%']",8.37%
VUZI,Vuzix Corporation,2024-11-07,"['-9.47%', '2.56%', '-2.44%', '-17.31%', '-3.4%', '-12.85%', '-4.15%']",7.45%
WANHY,WANHY,2024-11-07,['0.0%'],0.0%
WDGJF,WDGJF,2024-11-07,"['1.16%', '0.0%']",0.58%
KLG,WK Kellogg Company,2024-11-07,"['-6.96%', '3.1%', '8.09%', '2.29%']",5.11%
WSTTF,WSTTF,2024-11-07,['0.0%'],0.0%
WRBY,Warby Parker Inc - Class A,2024-11-07,"['-0.14%', '18.01%', '-14.96%', '-23.99%', '-3.47%', '0.33%', '-0.46%', '14.89%']",9.53%
WBD,Warner Bros. Discovery Inc - Class A,2024-11-07,"['-8.95%', '3.08%', '-9.94%', '2.55%', '2.71%', '4.54%', '-1.14%', '-12.87%']",5.72%
WVE,Wave Life Sciences Ltd,2024-11-07,"['-4.01%', '-1.54%', '31.32%', '-9.55%', '15.79%', '1.9%', '-10.38%', '5.84%']",10.04%
WEST,Westrock Coffee Company,2024-11-07,"['-0.86%', '-1.59%', '14.22%', '-11.59%', '-5.14%', '-5.95%', '-3.28%']",6.09%
IHRT,iHeartMedia Inc - Class A New,2024-11-07,"['1.4%', '-36.11%', '22.03%', '-15.96%', '-16.52%', '-13.3%', '-23.42%', '8.4%']",17.14%
LASR,nLIGHT Inc,2024-11-07,"['-2.94%', '5.02%', '-11.95%', '5.54%', '-12.44%', '38.14%', '-11.86%', '-10.96%']",12.36%
AAUAF,AAUAF,2024-11-08,"['0.0%', '0.0%', '8.33%', '0.0%']",2.08%
AMCX,AMC Networks Inc - Class A,2024-11-08,"['-5.44%', '-3.57%', '-15.43%', '13.81%', '13.36%', '5.43%', '32.34%', '-11.76%']",12.64%
APEMY,APEMY,2024-11-08,['0.0%'],0.0%
APMSF,APMSF,2024-11-08,['0.0%'],0.0%
ARHVF,ARHVF,2024-11-08,['0.0%'],0.0%
ASCCF,ASCCF,2024-11-08,['-3.35%'],3.35%
ASCCY,ASCCY,2024-11-08,['7.04%'],7.04%
ADNT,Adient plc,2024-11-08,"['-5.96%', '-9.3%', '-7.67%', '-8.71%', '1.33%', '-7.64%', '-0.44%', '14.2%']",6.91%
WMS,Advanced Drainage Systems Inc,2024-11-08,"['-1.86%', '-2.12%', '14.4%', '-0.94%', '0.69%', '10.97%', '-16.96%', '-25.02%']",9.12%
ATSG,Air Transport Services Group Inc,2024-11-08,"['17.35%', '11.02%', '-4.11%', '-22.86%', '14.91%', '-24.82%', '-18.8%', '3.11%']",14.62%
AIRS,Airsculpt Technologies Inc,2024-11-08,"['5.26%', '1.02%', '-12.06%', '-2.06%', '-0.71%', '-1.78%', '37.42%', '-21.99%']",10.29%
AXL,American Axle & Manufacturing Holdings Inc,2024-11-08,"['4.83%', '2.32%', '-3.16%', '11.38%', '-10.89%', '9.94%', '-7.96%', '-12.04%']",7.81%
AMRX,Amneal Pharmaceuticals Inc - Class A,2024-11-08,"['-1.54%', '8.86%', '-0.91%', '2.38%', '22.32%', '4.35%', '-4.78%', '1.92%', '-8.09%', '-6.98%']",6.21%
ANAB,AnaptysBio Inc,2024-11-08,"['-0.9%', '-10.75%', '11.61%', '8.21%', '2.65%', '-6.31%', '-2.39%', '-0.95%']",5.47%
CRBKF,CRBKF,2024-11-08,['0.0%'],0.0%
CRCUF,CRCUF,2024-11-08,['0.0%'],0.0%
CRLBF,CRLBF,2024-11-08,"['12.31%', '3.47%', '14.74%', '7.74%', '4.81%', '13.86%', '-2.3%', '-0.03%']",7.41%
CSAMF,CSAMF,2024-11-08,['0.0%'],0.0%
CVHSY,CVHSY,2024-11-08,['-1.05%'],1.05%
CVPBF,CVPBF,2024-11-08,['0.0%'],0.0%
CVPUF,CVPUF,2024-11-08,['0.0%'],0.0%
CWVLF,CWVLF,2024-11-08,['0.0%'],0.0%
CNTY,Century Casinos Inc,2024-11-08,"['-0.85%', '-3.18%', '-0.32%', '0.66%', '-5.17%', '0.28%', '-16.41%', '-5.78%', '-3.01%', '-2.17%', '-9.2%']",4.28%
DAIUF,DAIUF,2024-11-08,['-0.86%'],0.86%
DNGDF,DNGDF,2024-11-08,['1.88%'],1.88%
DTMXF,DTMXF,2024-11-08,"['7.81%', '0.33%', '0.0%']",2.71%
DWAHF,DWAHF,2024-11-08,['0.0%'],0.0%
DCBO,Docebo Inc,2024-11-08,"['14.36%', '-22.91%', '16.37%', '3.94%', '3.96%', '-17.57%', '2.8%', '20.36%']",12.78%
EAPBF,EAPBF,2024-11-08,['0.0%'],0.0%
ECO,ECHO BAY MINES LTD,2024-11-08,['2.87%'],2.87%
ECMPF,ECMPF,2024-11-08,['0.0%'],0.0%
ELRFF,ELRFF,2024-11-08,['-8.33%'],8.33%
ERRAF,ERRAF,2024-11-08,['0.0%'],0.0%
EXMRF,EXMRF,2024-11-08,['0.0%'],0.0%
EYPT,EyePoint Pharmaceuticals Inc,2024-11-08,"['-4.1%', '-2.61%', '-1.67%', '20.27%', '0.71%', '21.73%', '-8.83%', '-5.35%']",8.16%
FKCIF,FKCIF,2024-11-08,['0.0%'],0.0%
FRTAF,FRTAF,2024-11-08,['0.0%'],0.0%
FRTAY,FRTAY,2024-11-08,['0.0%'],0.0%
IMDZF,IMDZF,2024-11-08,"['0.0%', '0.0%']",0.0%
IMHDF,IMHDF,2024-11-08,['0.0%'],0.0%
ITAYY,ITAYY,2024-11-08,['0.0%'],0.0%
IEP,Icahn Enterprises L P,2024-11-08,"['-4.42%', '8.1%', '-0.72%', '13.08%', '-23.23%', '-15.14%', '0.33%', '2.09%']",8.39%
IMXI,International Money Express Inc,2024-11-08,"['-20.16%', '2.19%', '-7.4%', '11.28%', '-18.99%', '-1.57%', '-2.61%', '-15.41%']",9.95%
INUV,Inuvo Inc,2024-11-08,"['-12.5%', '-5.71%', '-19.61%', '5.26%', '8.7%', '6.67%', '-12.12%', '-18.6%']",11.15%
JPTXF,JPTXF,2024-11-08,['0.0%'],0.0%
KRLTF,KRLTF,2024-11-08,['0.0%'],0.0%
KUBTF,KUBTF,2024-11-08,['0.0%'],0.0%
LGMMY,LGMMY,2024-11-08,['0.0%'],0.0%
LAMR,Lamar Advertising Co - Class A,2024-11-08,"['2.24%', '1.0%', '-2.44%', '12.42%', '-4.89%', '-5.03%', '-2.73%', '-1.05%']",3.98%
LIQT,LiqTech International Inc,2024-11-08,"['-7.11%', '-1.51%', '-4.05%', '0.0%', '-0.76%', '0.0%', '6.82%', '4.65%', '-2.04%', '-45.65%', '-36.32%', '3.82%']",9.39%
MCBK,MCBK,2024-11-08,['0.0%'],0.0%
MDNDF,MDNDF,2024-11-08,['0.0%'],0.0%
MOLFF,MOLFF,2024-11-08,['0.0%'],0.0%
MOPLF,MOPLF,2024-11-08,['0.0%'],0.0%
MMI,Marcus & Millichap Inc,2024-11-08,"['-2.0%', '0.0%', '-1.3%', '7.01%', '-1.53%', '1.69%', '1.59%', '0.38%']",1.94%
NHPCF,NHPCF,2024-11-08,['0.0%'],0.0%
NKOKF,NKOKF,2024-11-08,['0.0%'],0.0%
NNCHF,NNCHF,2024-11-08,['-19.75%'],19.75%
PAGP,Plains GP Holdings LP - Class A,2024-11-08,"['-3.11%', '1.88%', '0.87%', '-0.92%', '1.69%', '5.39%', '-0.79%', '3.25%']",2.24%
RPGRF,RPGRF,2024-11-08,['0.0%'],0.0%
RPGRY,RPGRY,2024-11-08,['6.9%'],6.9%
RSOTF,RSOTF,2024-11-08,['0.0%'],0.0%
SHHPF,SHHPF,2024-11-08,['0.0%'],0.0%
SLTTF,SLTTF,2024-11-08,['0.0%'],0.0%
SNWVD,SNWVD,2024-11-08,['3.9%'],3.9%
SRNN,SRNN,2024-11-08,"['0.0%', '0.0%']",0.0%
SSDOF,SSDOF,2024-11-08,['-4.67%'],4.67%
SUMCF,SUMCF,2024-11-08,['-1.81%'],1.81%
SUOPY,SUOPY,2024-11-08,['-7.69%'],7.69%
SHCO,Soho House & Co Inc Class A,2024-11-08,"['3.71%', '2.73%', '-13.57%', '-21.1%', '14.87%', '-6.73%', '18.21%', '-18.74%']",12.46%
STER,Sterling Check Corp,2024-11-08,"['1.84%', '-1.03%', '26.17%', '-2.09%', '11.22%', '7.81%', '3.67%', '-16.82%', '12.22%']",9.21%
TAWNF,TAWNF,2024-11-08,['0.0%'],0.0%
TCNRF,TCNRF,2024-11-08,['0.0%'],0.0%
TIXT,TELUS International (Cda) Inc (Sub Voting),2024-11-08,"['-35.96%', '-18.15%', '2.51%', '-5.53%', '3.76%', '-5.71%', '-3.03%', '-5.22%']",9.98%
EVGN,Evogene Ltd,2024-11-10,"['-10.8%', '-2.7%', '3.23%', '4.76%', '-19.23%', '-4.55%', '-4.17%', '1.37%']",6.35%
FGOVF,FGOVF,2024-11-10,['0.46%'],0.46%
RDNT,Radnet Inc,2024-11-10,"['8.4%', '5.81%', '17.14%', '2.61%', '-6.04%', '-0.66%', '12.04%', '-11.18%']",7.98%
STLRF,STLRF,2024-11-10,['0.0%'],0.0%
